Reuters, 150, False, True, Re ##uters, 2, 
U.S., 146, True, True, U ##. ##S ##., 4, 
COVID-19, 76, True, False, CO ##VI ##D ##- ##19, 5, 
Biden, 62, False, False, B ##iden, 2, 
REUTERS, 60, True, False, R ##E ##UT ##ER ##S, 5, 
European, 55, False, True, European, 1, 
United, 51, False, True, United, 1, 
Britain, 46, False, True, Britain, 1, 
Trump, 46, False, False, Trump, 1, 
EU, 40, True, True, EU, 1, 
States, 34, False, True, States, 1, 
Johnson, 33, False, True, Johnson, 1, 
of, 32, False, True, of, 1, 
China, 31, False, True, China, 1, 
California, 29, False, True, California, 1, 
British, 28, False, True, British, 1, 
New, 27, False, True, New, 1, 
South, 24, False, True, South, 1, 
Obama, 24, False, False, Obama, 1, 
Union, 22, False, True, Union, 1, 
and, 22, False, True, and, 1, 
Japan, 21, False, True, Japan, 1, 
Hong, 20, False, True, Hong, 1, 
ECB, 20, True, False, EC ##B, 2, 
Iran, 19, False, True, Iran, 1, 
Kong, 19, False, True, Kong, 1, 
Commission, 19, False, True, Commission, 1, 
Australia, 18, False, True, Australia, 1, 
World, 17, False, True, World, 1, 
Pfizer, 17, False, False, P ##fi ##zer, 3, 
Sooners, 17, False, False, Soon ##ers, 2, 
Washington, 16, False, True, Washington, 1, 
Brexit, 16, False, False, B ##re ##xi ##t, 4, 
Europe, 16, False, True, Europe, 1, 
Countrywide, 16, False, False, Country ##wide, 2, 
Georgia, 16, False, True, Georgia, 1, 
Republican, 16, False, True, Republican, 1, 
Joe, 15, False, True, Joe, 1, 
Donald, 15, False, True, Donald, 1, 
Boris, 15, False, True, Boris, 1, 
von, 15, False, False, von, 1, 
der, 15, False, True, der, 1, 
IKEA, 15, True, False, I ##KE ##A, 3, 
House, 15, False, True, House, 1, 
West, 15, False, True, West, 1, 
Airbus, 15, False, True, Airbus, 1, 
Bank, 15, False, True, Bank, 1, 
France, 14, False, True, France, 1, 
Germany, 14, False, True, Germany, 1, 
Turkey, 14, False, True, Turkey, 1, 
LONDON, 14, True, True, L ##ON ##D ##ON, 4, 
Brussels, 14, False, True, Brussels, 1, 
Leyen, 14, False, False, Le ##ye ##n, 3, 
London, 14, False, True, London, 1, 
York, 14, False, True, York, 1, 
India, 13, False, True, India, 1, 
White, 13, False, True, White, 1, 
Austin, 13, False, True, Austin, 1, 
Ursula, 12, False, False, Ursula, 1, 
UK, 12, True, True, UK, 1, 
Senate, 12, False, True, Senate, 1, 
Israel, 12, False, True, Israel, 1, 
Department, 12, False, True, Department, 1, 
Oklahoma, 12, False, True, Oklahoma, 1, 
Inc, 11, False, True, Inc, 1, 
Twitter, 11, False, False, Twitter, 1, 
Michigan, 11, False, True, Michigan, 1, 
Big, 11, False, False, Big, 1, 
Africa, 11, False, True, Africa, 1, 
Corp, 11, False, True, Corp, 1, 
Field, 11, False, True, Field, 1, 
Level, 11, False, False, Level, 1, 
Media, 11, False, True, Media, 1, 
Chinese, 10, False, True, Chinese, 1, 
Kingdom, 10, False, True, Kingdom, 1, 
Group, 10, False, True, Group, 1, 
Young, 10, False, True, Young, 1, 
Ltd, 10, False, True, Ltd, 1, 
State, 10, False, True, State, 1, 
Los, 10, False, True, Los, 1, 
Angeles, 10, False, True, Angeles, 1, 
Open, 10, False, True, Open, 1, 
Virginia, 10, False, True, Virginia, 1, 
Paris, 10, False, True, Paris, 1, 
David, 10, False, True, David, 1, 
Ralston, 10, False, False, Ra ##lston, 2, 
Oman, 10, False, True, Oman, 1, 
Greece, 10, False, True, Greece, 1, 
for, 9, False, True, for, 1, 
Pool, 9, False, True, Pool, 1, 
Irish, 9, False, True, Irish, 1, 
Connells, 9, False, False, Connell ##s, 2, 
Ted, 9, False, False, Ted, 1, 
French, 9, False, True, French, 1, 
Schumacher, 9, False, True, Schumacher, 1, 
Tour, 9, False, True, Tour, 1, 
Democratic, 9, False, True, Democratic, 1, 
Bahrain, 9, False, True, Bahrain, 1, 
Carolina, 9, False, False, Carolina, 1, 
Tokyo, 9, False, True, Tokyo, 1, 
Hui, 9, False, False, Hui, 1, 
Asahikawa, 9, False, False, As ##ahi ##kawa, 3, 
Brigham, 9, False, False, Brigham, 1, 
International, 8, False, True, International, 1, 
Energy, 8, False, True, Energy, 1, 
Agency, 8, False, True, Agency, 1, 
American, 8, False, True, American, 1, 
Ireland, 8, False, True, Ireland, 1, 
Victoria, 8, False, True, Victoria, 1, 
Formula, 8, False, True, Formula, 1, 
One, 8, False, True, One, 1, 
German, 8, False, True, German, 1, 
the, 8, False, True, the, 1, 
National, 8, False, True, National, 1, 
City, 8, False, True, City, 1, 
GMT, 8, True, True, GM ##T, 2, 
The, 8, False, True, The, 1, 
Australian, 8, False, True, Australian, 1, 
Alliss, 8, False, False, All ##iss, 2, 
12, 8, False, False, 12, 1, 
East, 8, False, True, East, 1, 
Gulf, 8, False, True, Gulf, 1, 
“, 8, False, False, “, 1, 
”, 8, False, False, ”, 1, 
Asian, 8, False, True, Asian, 1, 
Korea, 8, False, True, Korea, 1, 
Oregon, 8, False, False, Oregon, 1, 
ACIP, 8, True, False, AC ##IP, 2, 
Central, 8, False, True, Central, 1, 
Baylor, 8, False, False, Baylor, 1, 
Reaves, 8, False, False, Re ##aves, 2, 
Hokkaido, 8, False, False, Ho ##kka ##ido, 3, 
Iranian, 7, False, True, Iranian, 1, 
PARIS, 7, True, True, PA ##RI ##S, 3, 
Beijing, 7, False, True, Beijing, 1, 
Barnier, 7, False, False, Bar ##nier, 2, 
England, 7, False, True, England, 1, 
Michael, 7, False, True, Michael, 1, 
Bill, 7, False, True, Bill, 1, 
Baker, 7, False, True, Baker, 1, 
Italian, 7, False, True, Italian, 1, 
Mercedes, 7, False, False, Mercedes, 1, 
Bolsonaro, 7, False, False, Bo ##lson ##aro, 3, 
Fauci, 7, False, False, F ##au ##ci, 3, 
Americans, 7, False, True, Americans, 1, 
Air, 7, False, True, Air, 1, 
Israeli, 7, False, True, Israeli, 1, 
Asia, 7, False, True, Asia, 1, 
Belaruskali, 7, False, False, Belarus ##kal ##i, 3, 
Dylan, 7, False, False, Dylan, 1, 
Texas, 7, False, True, Texas, 1, 
Esports, 7, False, False, E ##sport ##s, 3, 
Cougars, 7, False, False, Co ##uga ##rs, 3, 
Chile, 7, False, True, Chile, 1, 
Stacks, 7, False, False, St ##ack ##s, 3, 
Alchemy, 7, False, False, Al ##che ##my, 3, 
Athletics, 7, False, True, Athletics, 1, 
Flournoy, 7, False, False, F ##lour ##noy, 3, 
Chaos, 7, False, False, Chaos, 1, 
Coastal, 7, False, False, Coastal, 1, 
Erdogan, 6, False, False, E ##rdo ##gan, 3, 
Administration, 6, False, True, Administration, 1, 
BRUSSELS, 6, True, True, BR ##US ##SE ##LS, 4, 
Times, 6, False, True, Times, 1, 
Northern, 6, False, True, Northern, 1, 
Italy, 6, False, True, Italy, 1, 
Charles, 6, False, True, Charles, 1, 
Russell, 6, False, True, Russell, 1, 
Benson, 6, False, True, Benson, 1, 
Becerra, 6, False, False, Be ##cer ##ra, 3, 
Mexico, 6, False, True, Mexico, 1, 
BioNTech, 6, False, False, B ##io ##NT ##ech, 4, 
Congress, 6, False, True, Congress, 1, 
Capital, 6, False, True, Capital, 1, 
Island, 6, False, True, Island, 1, 
African, 6, False, True, African, 1, 
Championship, 6, False, True, Championship, 1, 
Cup, 6, False, True, Cup, 1, 
Southern, 6, False, True, Southern, 1, 
County, 6, False, True, County, 1, 
Democrat, 6, False, True, Democrat, 1, 
Azar, 6, False, False, A ##zar, 2, 
Energean, 6, False, False, En ##er ##ge ##an, 4, 
Mountaineers, 6, False, False, Mountain ##eers, 2, 
Street, 6, False, True, Street, 1, 
Malaysia, 6, False, True, Malaysia, 1, 
North, 6, False, True, North, 1, 
FDA, 6, True, True, FDA, 1, 
K-State, 6, False, False, K ##- ##S ##tate, 4, 
Perdue, 6, False, False, Per ##due, 2, 
Chargers, 6, False, False, Chargers, 1, 
Slaoui, 6, False, False, S ##la ##ou ##i, 4, 
Global, 6, False, False, Global, 1, 
Kemp, 6, False, True, Kemp, 1, 
Iraq, 6, False, True, Iraq, 1, 
KPK, 6, True, False, K ##P ##K, 3, 
Turkish, 5, False, True, Turkish, 1, 
Michel, 5, False, True, Michel, 1, 
Belgium, 5, False, True, Belgium, 1, 
Coveney, 5, False, False, Cove ##ney, 2, 
University, 5, False, True, University, 1, 
William, 5, False, True, William, 1, 
FTSE, 5, True, True, F ##TS ##E, 3, 
Ogier, 5, False, False, O ##gie ##r, 3, 
Mick, 5, False, True, Mick, 1, 
Ferrari, 5, False, True, Ferrari, 1, 
Indian, 5, False, True, Indian, 1, 
George, 5, False, True, George, 1, 
Committee, 5, False, True, Committee, 1, 
Xavier, 5, False, True, Xavier, 1, 
de, 5, False, True, de, 1, 
Institute, 5, False, True, Institute, 1, 
Doria, 5, False, False, Do ##ria, 2, 
Stephen, 5, False, True, Stephen, 1, 
Bengaluru, 5, False, False, Bengal ##uru, 2, 
Lebanon, 5, False, True, Lebanon, 1, 
NEW, 5, True, True, NE ##W, 2, 
YORK, 5, True, True, Y ##OR ##K, 3, 
Covid-19, 5, False, False, Co ##vid ##- ##19, 4, 
Stone, 5, False, False, Stone, 1, 
Bezuidenhout, 5, False, False, Be ##zu ##iden ##hout, 4, 
Club, 5, False, True, Club, 1, 
Masters, 5, False, True, Masters, 1, 
Dubai, 5, False, True, Dubai, 1, 
Ardern, 5, False, False, A ##rde ##rn, 3, 
Canadian, 5, False, True, Canadian, 1, 
San, 5, False, True, San, 1, 
News, 5, False, True, News, 1, 
Orange, 5, False, True, Orange, 1, 
Food, 5, False, True, Food, 1, 
Treasury, 5, False, True, Treasury, 1, 
IGO, 5, True, False, I ##G ##O, 3, 
WASHINGTON, 5, True, True, WA ##S ##H ##ING ##TO ##N, 6, 
Kuwait, 5, False, True, Kuwait, 1, 
Arab, 5, False, True, Arab, 1, 
DUBAI, 5, True, True, D ##U ##BA ##I, 4, 
Indonesia, 5, False, True, Indonesia, 1, 
bin, 5, False, False, bin, 1, 
Music, 5, False, False, Music, 1, 
Moon, 5, False, False, Moon, 1, 
Control, 5, False, True, Control, 1, 
Bavaria, 5, False, False, Bavaria, 1, 
Ducks, 5, False, False, Ducks, 1, 
Cal, 5, False, True, Cal, 1, 
Petroleum, 5, False, True, Petroleum, 1, 
Cameron, 5, False, False, Cameron, 1, 
Today, 5, False, False, Today, 1, 
CDC, 5, True, False, CD ##C, 2, 
,, 5, False, True, ,, 1, 
GODSENT, 5, True, False, GO ##DS ##EN ##T, 4, 
Hungarian, 5, False, True, Hungarian, 1, 
’s, 5, False, False, ’ ##s, 2, 
Lufthansa, 5, False, True, Lu ##ft ##han ##sa, 4, 
Newton, 5, False, False, Newton, 1, 
Patriots, 5, False, False, Patriots, 1, 
PEPP, 5, True, False, P ##EP ##P, 3, 
Middle, 5, False, True, Middle, 1, 
Loeffler, 5, False, False, Lo ##ef ##fle ##r, 4, 
Republicans, 5, False, True, Republicans, 1, 
Blockstack, 5, False, False, Block ##sta ##ck, 3, 
Ali, 5, False, True, Ali, 1, 
TeamOne, 5, False, False, Team ##O ##ne, 3, 
Rage, 5, False, False, Rage, 1, 
Tehran, 4, False, True, Tehran, 1, 
Ankara, 4, False, True, Ankara, 1, 
General, 4, False, True, General, 1, 
Services, 4, False, True, Services, 1, 
John, 4, False, True, John, 1, 
Party, 4, False, True, Party, 1, 
Office, 4, False, True, Office, 1, 
James, 4, False, True, James, 1, 
Sydney, 4, False, True, Sydney, 1, 
Georgetown, 4, False, False, Georgetown, 1, 
Elizabeth, 4, False, False, Elizabeth, 1, 
Internal, 4, False, False, Internal, 1, 
Market, 4, False, True, Market, 1, 
Sky, 4, False, True, Sky, 1, 
Evans, 4, False, True, Evans, 1, 
Haas, 4, False, True, Haas, 1, 
Red, 4, False, True, Red, 1, 
Bull, 4, False, False, Bull, 1, 
Williams, 4, False, True, Williams, 1, 
Sports, 4, False, False, Sports, 1, 
Health, 4, False, True, Health, 1, 
Anvisa, 4, False, False, An ##vis ##a, 3, 
OANDA, 4, True, False, O ##AN ##DA, 3, 
post-Brexit, 4, False, False, post ##- ##B ##re ##xi ##t, 6, 
Beirut, 4, False, True, Beirut, 1, 
Strategie, 4, False, False, St ##rate ##gie, 3, 
Grains, 4, False, False, G ##rain ##s, 3, 
Breakingviews, 4, False, False, Breaking ##view ##s, 3, 
Airbnb, 4, False, False, Air ##b ##n ##b, 4, 
Boston, 4, False, True, Boston, 1, 
Moncler, 4, False, False, Mon ##cle ##r, 3, 
Muslim, 4, False, True, Muslim, 1, 
Peter, 4, False, True, Peter, 1, 
Francisco, 4, False, True, Francisco, 1, 
CBS, 4, True, False, CBS, 1, 
Center, 4, False, True, Center, 1, 
Riverside, 4, False, False, Riverside, 1, 
Drug, 4, False, True, Drug, 1, 
Alex, 4, False, True, Alex, 1, 
Pride, 4, False, False, Pride, 1, 
Tianqi, 4, False, False, T ##ian ##qi, 3, 
Dupas, 4, False, False, Du ##pas, 2, 
Kerogen, 4, False, False, Ke ##rogen, 2, 
Akufo-Addo, 4, False, False, A ##ku ##fo ##- ##A ##dd ##o, 7, 
Tshiebwe, 4, False, False, T ##shi ##eb ##we, 4, 
Sabah, 4, False, False, Sabah, 1, 
Olympic, 4, False, True, Olympic, 1, 
Olympics, 4, False, True, Olympics, 1, 
Jakarta, 4, False, True, Jakarta, 1, 
Yara, 4, False, False, Ya ##ra, 2, 
Bob, 4, False, True, Bob, 1, 
Delaware, 4, False, False, Delaware, 1, 
Seoul, 4, False, True, Seoul, 1, 
Disease, 4, False, True, Disease, 1, 
Prevention, 4, False, False, Prevention, 1, 
Kuwaiti, 4, False, False, Kuwait ##i, 2, 
Merkel, 4, False, False, Me ##rk ##el, 3, 
Federal, 4, False, True, Federal, 1, 
Conference, 4, False, True, Conference, 1, 
Garbers, 4, False, False, G ##ar ##bers, 3, 
Shough, 4, False, False, S ##hou ##gh, 3, 
Westlaw, 4, False, False, West ##law, 2, 
Grand, 4, False, True, Grand, 1, 
USC, 4, True, False, USC, 1, 
Astralis, 4, False, False, As ##tral ##is, 3, 
DreamHack, 4, False, False, Dream ##H ##ack, 3, 
2020, 4, False, False, 2020, 1, 
:, 4, False, True, :, 1, 
FURIA, 4, True, False, F ##UR ##IA, 3, 
Pro, 4, False, False, Pro, 1, 
Robinson, 4, False, True, Robinson, 1, 
Longhorns, 4, False, False, Long ##horn ##s, 3, 
Howard, 4, False, True, Howard, 1, 
Snam, 4, False, False, S ##nam, 2, 
Linde, 4, False, False, Lin ##de, 2, 
787, 4, False, False, 78 ##7, 2, 
Brent, 4, False, True, Brent, 1, 
Dado, 4, False, False, Dad ##o, 2, 
Ruvic, 4, False, False, R ##u ##vic, 3, 
Rouhani, 4, False, False, R ##ou ##hani, 3, 
Gazette, 4, False, False, Gazette, 1, 
Olszewski, 4, False, False, O ##ls ##ze ##wski, 4, 
APP, 4, True, False, AP ##P, 2, 
Carrier, 4, False, False, Carrier, 1, 
Slovis, 4, False, False, S ##lov ##is, 3, 
Trojans, 4, False, False, Trojan ##s, 2, 
TOKYO, 4, True, True, TO ##K ##Y ##O, 4, 
Giuliani, 4, False, False, G ##iu ##lian ##i, 4, 
DP, 4, True, False, D ##P, 2, 
Mediterranean, 4, False, True, Mediterranean, 1, 
College, 4, False, True, College, 1, 
Magellan, 4, False, False, Ma ##gel ##lan, 3, 
SEC, 4, True, True, SEC, 1, 
Security, 4, False, True, Security, 1, 
Hospital, 4, False, True, Hospital, 1, 
Barack, 4, False, False, Barack, 1, 
Affairs, 4, False, True, Affairs, 1, 
Clinton, 4, False, True, Clinton, 1, 
Black, 4, False, True, Black, 1, 
Defense, 4, False, True, Defense, 1, 
Command, 4, False, True, Command, 1, 
Sapporo, 4, False, False, Sa ##pp ##oro, 3, 
Hernandez, 4, False, False, Hernandez, 1, 
Russia, 3, False, True, Russia, 1, 
Natanz, 3, False, False, Nat ##an ##z, 3, 
Brazil, 3, False, True, Brazil, 1, 
Tayyip, 3, False, False, Ta ##y ##yi ##p, 4, 
BEIJING, 3, True, True, B ##EI ##J ##ING, 4, 
Jason, 3, False, True, Jason, 1, 
JPMorgan, 3, False, False, JP ##M ##or ##gan, 4, 
Two, 3, False, True, Two, 1, 
Simon, 3, False, True, Simon, 1, 
Melbourne, 3, False, True, Melbourne, 1, 
Interactive, 3, False, False, Interactive, 1, 
Brokers, 3, False, False, B ##roke ##rs, 3, 
Robinhood, 3, False, False, Robin ##hood, 2, 
Park, 3, False, True, Park, 1, 
Royal, 3, False, True, Royal, 1, 
Train, 3, False, False, Train, 1, 
Maros, 3, False, False, Mar ##os, 2, 
Sefcovic, 3, False, False, Se ##f ##co ##vic, 4, 
on, 3, False, True, on, 1, 
100, 3, False, True, 100, 1, 
F1, 3, True, True, F1, 1, 
Smith, 3, False, True, Smith, 1, 
SYDNEY, 3, True, True, S ##Y ##D ##NE ##Y, 5, 
Mali, 3, False, False, Mali, 1, 
Banxico, 3, False, False, Ban ##xi ##co, 3, 
Ministry, 3, False, True, Ministry, 1, 
Sinovac, 3, False, False, Sino ##va ##c, 3, 
Toby, 3, False, False, Toby, 1, 
Maalouf, 3, False, False, Ma ##alo ##uf, 3, 
Festival, 3, False, False, Festival, 1, 
Swedish, 3, False, True, Swedish, 1, 
Richard, 3, False, True, Richard, 1, 
Apple, 3, False, True, Apple, 1, 
Bay, 3, False, True, Bay, 1, 
Ruffini, 3, False, False, R ##uff ##ini, 3, 
EQT, 3, True, False, E ##Q ##T, 3, 
Apleona, 3, False, False, A ##ple ##ona, 3, 
Golf, 3, False, True, Golf, 1, 
Brian, 3, False, True, Brian, 1, 
Ryder, 3, False, True, Ryder, 1, 
Hall, 3, False, True, Hall, 1, 
BBC, 3, True, True, BBC, 1, 
Broadcasting, 3, False, True, Broadcasting, 1, 
Corporation, 3, False, True, Corporation, 1, 
Newsom, 3, False, False, News ##om, 2, 
Lam, 3, False, False, Lam, 1, 
Chad, 3, False, True, Chad, 1, 
Cuomo, 3, False, False, C ##uo ##mo, 3, 
Anthony, 3, False, True, Anthony, 1, 
S&P, 3, True, True, S ##& ##P, 3, 
Greenbushes, 3, False, False, Green ##bush ##es, 3, 
Macquarie, 3, False, False, Macquarie, 1, 
Court, 3, False, True, Court, 1, 
Norwegian, 3, False, True, Norwegian, 1, 
Mahama, 3, False, False, Ma ##ham ##a, 3, 
Culver, 3, False, False, C ##ul ##ver, 3, 
Hoyas, 3, False, False, Ho ##yas, 2, 
2024, 3, False, False, 202 ##4, 2, 
Programme, 3, False, False, Programme, 1, 
Facebook, 3, False, False, Facebook, 1, 
Edra, 3, False, False, Ed ##ra, 2, 
Indonesian, 3, False, True, Indonesian, 1, 
UAE-Israel, 3, False, False, UAE ##- ##I ##s ##rae ##l, 6, 
Holsether, 3, False, False, Ho ##ls ##eth ##er, 4, 
Wall, 3, False, True, Wall, 1, 
Journal, 3, False, True, Journal, 1, 
Technology, 3, False, True, Technology, 1, 
Korean, 3, False, True, Korean, 1, 
Na, 3, False, False, Na, 1, 
Association, 3, False, True, Association, 1, 
BERLIN, 3, True, True, B ##ER ##L ##IN, 4, 
Soeder, 3, False, False, So ##ede ##r, 3, 
Robert, 3, False, True, Robert, 1, 
Pac-12, 3, False, False, Pac ##- ##12, 3, 
Tyler, 3, False, True, Tyler, 1, 
Resources, 3, False, True, Resources, 1, 
Nations, 3, False, True, Nations, 1, 
Kerry, 3, False, True, Kerry, 1, 
COVID, 3, True, False, CO ##VI ##D, 3, 
Dennis, 3, False, True, Dennis, 1, 
Chris, 3, False, True, Chris, 1, 
Evert, 3, False, True, Ever ##t, 2, 
Centers, 3, False, True, Centers, 1, 
Schaffner, 3, False, False, Sc ##ha ##ff ##ner, 4, 
mousesports, 3, False, False, mouse ##sport ##s, 3, 
Winter, 3, False, True, Winter, 1, 
Nuke, 3, False, False, N ##uke, 2, 
Gaming, 3, False, False, Gaming, 1, 
Kansas, 3, False, True, Kansas, 1, 
Vaughn, 3, False, True, Vaughn, 1, 
Brewer, 3, False, False, Brewer, 1, 
Frasers, 3, False, False, Fraser ##s, 2, 
Hungary, 3, False, True, Hungary, 1, 
Poland, 3, False, True, Poland, 1, 
Airlines, 3, False, True, Airlines, 1, 
A350, 3, True, False, A ##35 ##0, 3, 
Moya, 3, False, True, Mo ##ya, 2, 
Sentix, 3, False, False, Sen ##ti ##x, 3, 
Chick-fil-A, 3, False, False, Chi ##ck ##- ##fi ##l ##- ##A, 7, 
Farms, 3, False, False, Farm ##s, 2, 
Pilgrim, 3, False, False, Pi ##l ##grim, 3, 
Downing, 3, False, False, Down ##ing, 2, 
Development, 3, False, True, Development, 1, 
EDO, 3, True, False, E ##D ##O, 3, 
TLTROs, 3, False, False, T ##LT ##RO ##s, 4, 
Philip, 3, False, True, Philip, 1, 
Palestinian, 3, False, True, Palestinian, 1, 
St., 3, False, True, St ##., 2, 
Brown, 3, False, True, Brown, 1, 
Laura, 3, False, False, Laura, 1, 
Lewis, 3, False, True, Lewis, 1, 
Jersey, 3, False, True, Jersey, 1, 
JAXA, 3, True, False, J ##A ##X ##A, 4, 
Hayabusa2, 3, False, False, Hay ##ab ##usa ##2, 4, 
Japanese, 3, False, True, Japanese, 1, 
Earth, 3, False, True, Earth, 1, 
UAE, 3, True, True, UAE, 1, 
Purdue, 3, False, True, Purdue, 1, 
Electoral, 3, False, True, Electoral, 1, 
School, 3, False, True, School, 1, 
Corpus, 3, False, False, Corpus, 1, 
Christi, 3, False, False, Christi, 1, 
Heine, 3, False, False, He ##ine, 2, 
Frost, 3, False, True, Frost, 1, 
TCU, 3, True, False, T ##CU, 2, 
Horned, 3, False, False, Horne ##d, 2, 
Frogs, 3, False, False, Frog ##s, 2, 
Manek, 3, False, False, Man ##ek, 2, 
&, 3, False, True, &, 1, 
Reserve, 3, False, True, Reserve, 1, 
Nikkei, 3, False, True, Nik ##ke ##i, 3, 
Council, 3, False, True, Council, 1, 
Nike, 3, False, False, Nike, 1, 
Sakhir, 3, False, False, Sa ##kh ##ir, 3, 
Wolff, 3, False, False, Wolff, 1, 
AND, 3, True, True, AND, 1, 
Medical, 3, False, True, Medical, 1, 
Cabinet, 3, False, True, Cabinet, 1, 
Pentagon, 3, False, True, Pentagon, 1, 
Force, 3, False, True, Force, 1, 
Lloyd, 3, False, True, Lloyd, 1, 
Moniz, 3, False, False, Mon ##iz, 2, 
Osaka, 3, False, True, Osaka, 1, 
Kurdish, 3, False, True, Kurdish, 1, 
Kurdistan, 3, False, True, Kurdistan, 1, 
Sulaimaniya, 3, False, False, Sul ##ai ##mani ##ya, 4, 
America, 3, False, True, America, 1, 
Pinera, 3, False, False, Pine ##ra, 2, 
Hondurans, 3, False, False, Hon ##du ##ran ##s, 4, 
Honduras, 3, False, True, Honduras, 1, 
Juliari, 3, False, False, Julia ##ri, 2, 
Firli, 3, False, False, Fi ##rl ##i, 3, 
Cape, 3, False, True, Cape, 1, 
Marable, 3, False, False, Mara ##ble, 2, 
Chanticleers, 3, False, False, Chan ##tic ##lee ##rs, 4, 
Wilson, 3, False, True, Wilson, 1, 
Atomic, 2, False, False, Atomic, 1, 
IAEA, 2, True, False, I ##A ##EA, 3, 
Vienna, 2, False, True, Vienna, 1, 
JCPoA, 2, False, False, J ##CP ##o ##A, 4, 
U.N., 2, True, True, U ##. ##N ##., 4, 
JCPOA, 2, True, False, J ##CP ##OA, 3, 
ANKARA, 2, True, True, AN ##KA ##RA, 3, 
Customs, 2, False, True, Customs, 1, 
Patton, 2, False, False, Patton, 1, 
Kim, 2, False, True, Kim, 1, 
Trade, 2, False, True, Trade, 1, 
in, 2, False, True, in, 1, 
Conservative, 2, False, True, Conservative, 1, 
Sebastian, 2, False, True, Sebastian, 1, 
Fischer, 2, False, False, Fischer, 1, 
Cleverly, 2, False, False, C ##lev ##erly, 3, 
MELBOURNE, 2, True, True, ME ##L ##BO ##UR ##NE, 5, 
COVID-safe, 2, False, False, CO ##VI ##D ##- ##safe, 5, 
Daniel, 2, False, True, Daniel, 1, 
Angel, 2, False, True, Angel, 1, 
Kate, 2, False, True, Kate, 1, 
Scotland, 2, False, True, Scotland, 1, 
Wales, 2, False, True, Wales, 1, 
’, 2, False, False, ’, 1, 
Parliament, 2, False, False, Parliament, 1, 
Gove, 2, False, False, Go ##ve, 2, 
Withdrawal, 2, False, False, With ##dra ##wal, 3, 
Agreement, 2, False, True, Agreement, 1, 
Protocol, 2, False, False, Protocol, 1, 
Sarah, 2, False, True, Sarah, 1, 
250, 2, False, False, 250, 1, 
London-listed, 2, False, False, London ##- ##listed, 3, 
Sebastien, 2, False, True, Se ##bas ##tien, 3, 
Rally, 2, False, True, Rally, 1, 
MILAN, 2, True, True, MI ##LA ##N, 3, 
Frenchman, 2, False, True, French ##man, 2, 
Monza, 2, False, True, Mon ##za, 2, 
Elfyn, 2, False, False, El ##fy ##n, 3, 
Hyundai, 2, False, True, H ##yun ##dai, 3, 
Tanak, 2, False, False, Tan ##ak, 2, 
Welshman, 2, False, False, Welsh ##man, 2, 
Power, 2, False, True, Power, 1, 
Spanish, 2, False, True, Spanish, 1, 
Milan, 2, False, True, Milan, 1, 
Ilott, 2, False, True, Il ##ott, 2, 
AlphaTauri, 2, False, False, Alpha ##T ##au ##ri, 4, 
Leclerc, 2, False, False, Le ##cle ##rc, 3, 
F2, 2, True, False, F ##2, 2, 
Russian, 2, False, True, Russian, 1, 
Nielsen, 2, False, True, Nielsen, 1, 
pro-Trump, 2, False, False, pro ##- ##T ##rump, 4, 
Whitmer, 2, False, False, W ##hit ##mer, 3, 
Alexander, 2, False, True, Alexander, 1, 
NSW, 2, True, False, NSW, 1, 
Ibrahim, 2, False, True, Ibrahim, 1, 
Keita, 2, False, False, Ke ##ita, 2, 
Diaw, 2, False, False, Di ##aw, 2, 
WILMINGTON, 2, True, False, W ##IL ##MI ##NG ##TO ##N, 6, 
Del, 2, False, True, Del, 1, 
CITY, 2, True, True, C ##IT ##Y, 3, 
Manuel, 2, False, True, Manuel, 1, 
Lopez, 2, False, True, Lopez, 1, 
Obrador, 2, False, False, O ##bra ##dor, 3, 
Borja, 2, False, False, Bo ##r ##ja, 3, 
Sao, 2, False, True, Sa ##o, 2, 
Paulo, 2, False, True, Paulo, 1, 
Covas, 2, False, True, Co ##vas, 2, 
Nakul, 2, False, False, Na ##ku ##l, 3, 
Iyer, 2, False, False, I ##yer, 2, 
Innes, 2, False, False, Inn ##es, 2, 
U.S, 2, True, True, U ##. ##S, 3, 
Mumbai, 2, False, False, Mumbai, 1, 
Jeffrey, 2, False, True, Jeffrey, 1, 
Halley, 2, False, False, Halle ##y, 2, 
Ramakrishnan, 2, False, False, Rama ##k ##ris ##hn ##an, 5, 
M., 2, True, True, M ##., 2, 
Subhranshu, 2, False, False, Sub ##hra ##ns ##hu, 4, 
Sahu, 2, False, False, Sa ##hu, 2, 
HONG, 2, True, True, H ##ON ##G, 3, 
KONG, 2, True, True, K ##ON ##G, 3, 
Corona, 2, False, False, Co ##rona, 2, 
Sweden, 2, False, True, Sweden, 1, 
post-Covid-19, 2, False, False, post ##- ##C ##ov ##id ##- ##19, 7, 
Holdings, 2, False, True, Holdings, 1, 
Atlanta, 2, False, True, Atlanta, 1, 
THG, 2, True, False, T ##H ##G, 3, 
Moulding, 2, False, False, Mo ##uld ##ing, 3, 
Dasha, 2, False, False, Dash ##a, 2, 
Afanasieva, 2, False, False, A ##fan ##asi ##eva, 4, 
LVMH, 2, True, False, L ##V ##M ##H, 4, 
PAI, 2, True, False, PA ##I, 2, 
Partners, 2, False, True, Partners, 1, 
Chopra, 2, False, True, Cho ##pra, 2, 
Christiaan, 2, False, False, Christi ##aan, 2, 
Augusta, 2, False, False, Augusta, 1, 
Donaldson, 2, False, True, Donaldson, 1, 
SA, 2, True, True, SA, 1, 
Norway, 2, False, True, Norway, 1, 
Islamist, 2, False, True, Islam ##ist, 2, 
Fame, 2, False, True, Fame, 1, 
Keith, 2, False, True, Keith, 1, 
Great, 2, False, True, Great, 1, 
Portugal, 2, False, True, Portugal, 1, 
ABC, 2, True, True, ABC, 1, 
LOS, 2, True, True, L ##OS, 2, 
ANGELES, 2, True, True, AN ##GE ##LE ##S, 4, 
Gavin, 2, False, True, Gavin, 1, 
Area, 2, False, True, Area, 1, 
Gounder, 2, False, False, Go ##und ##er, 3, 
Japantown, 2, False, False, Japan ##town, 2, 
Bianco, 2, False, False, B ##ian ##co, 3, 
Don, 2, False, True, Don, 1, 
Barnes, 2, False, True, Barnes, 1, 
Fox, 2, False, True, Fox, 1, 
Ross, 2, False, True, Ross, 1, 
Kerber, 2, False, False, Ke ##rber, 2, 
Nasdaq, 2, False, True, Na ##s ##da ##q, 4, 
Dow, 2, False, True, Dow, 1, 
500, 2, False, False, 500, 1, 
Action, 2, False, True, Action, 1, 
Treasuries, 2, False, True, T ##rea ##su ##ries, 4, 
Andrea, 2, False, True, Andrea, 1, 
Chizu, 2, False, False, Chi ##zu, 2, 
Nomiyama, 2, False, False, No ##miya ##ma, 3, 
Western, 2, False, True, Western, 1, 
Chilean, 2, False, True, Chilean, 1, 
Citigroup, 2, False, False, C ##iti ##group, 3, 
Sam, 2, False, True, Sam, 1, 
DUBLIN, 2, True, True, D ##U ##BL ##IN, 4, 
Dewille, 2, False, False, De ##will ##e, 3, 
Ghanaians, 2, False, False, Ghana ##ians, 2, 
Patriotic, 2, False, True, Patriotic, 1, 
Fund, 2, False, True, Fund, 1, 
Miles, 2, False, True, Miles, 1, 
Harris, 2, False, True, Harris, 1, 
Arena, 2, False, False, Arena, 1, 
Mitch, 2, False, False, Mitch, 1, 
Al, 2, False, True, Al, 1, 
Kuwaitis, 2, False, False, Kuwait ##is, 2, 
Games, 2, False, True, Games, 1, 
2019, 2, False, False, 2019, 1, 
BC, 2, True, True, BC, 1, 
2018, 2, False, False, 2018, 1, 
Colon, 2, False, True, Col ##on, 2, 
Thailand, 2, False, True, Thailand, 1, 
Fitch, 2, False, False, Fi ##tch, 2, 
ringgit, 2, False, False, ring ##git, 2, 
Anushka, 2, False, False, An ##ush ##ka, 3, 
Trivedi, 2, False, False, Tri ##ved ##i, 3, 
Tbk, 2, False, False, T ##b ##k, 3, 
PT, 2, True, True, PT, 1, 
Singapore, 2, False, True, Singapore, 1, 
Abu, 2, False, True, Abu, 1, 
Dhabi, 2, False, True, Dhabi, 1, 
ADIO, 2, True, False, AD ##IO, 2, 
Emirates, 2, False, True, Emirates, 1, 
Tariq, 2, False, False, Ta ##ri ##q, 3, 
Belarus, 2, False, True, Belarus, 1, 
Moscow, 2, False, True, Moscow, 1, 
Firefly, 2, False, False, Fire ##fly, 2, 
Dover, 2, False, False, Dover, 1, 
Mark, 2, False, True, Mark, 1, 
Makela, 2, False, False, Make ##la, 2, 
Universal, 2, False, False, Universal, 1, 
Nobel, 2, False, True, Nobel, 1, 
Swift, 2, False, True, Swift, 1, 
Jae-in, 2, False, False, J ##ae ##- ##in, 4, 
Chung, 2, False, False, Chung, 1, 
KDCA, 2, True, False, K ##DC ##A, 3, 
Nawaf, 2, False, False, Na ##wa ##f, 3, 
al-Ahmad, 2, False, False, al ##- ##A ##hm ##ad, 5, 
Saudi, 2, False, True, Saudi, 1, 
Arabia, 2, False, True, Arabia, 1, 
Angela, 2, False, False, Angela, 1, 
Markus, 2, False, True, Markus, 1, 
Bild, 2, False, True, B ##il ##d, 3, 
Gruss, 2, False, False, G ##russ, 2, 
Inter, 2, False, True, Inter, 1, 
Calif, 2, False, True, Cal ##if, 2, 
Remigio, 2, False, False, Re ##mi ##gio, 3, 
Bears, 2, False, False, Bears, 1, 
III, 2, True, True, III, 1, 
Dye, 2, False, False, D ##ye, 2, 
CAPE, 2, True, True, CA ##P ##E, 3, 
TOWN, 2, True, True, TO ##W ##N, 3, 
Engen, 2, False, False, En ##gen, 2, 
SAPIA, 2, True, False, SA ##PI ##A, 3, 
Sharma, 2, False, True, Sharma, 1, 
COP26, 2, True, False, CO ##P ##26, 3, 
Peston, 2, False, False, P ##est ##on, 3, 
Moderna, 2, False, False, Modern ##a, 2, 
NCAA, 2, True, False, NCAA, 1, 
Wimbledon, 2, False, True, Wimbledon, 1, 
Davis, 2, False, True, Davis, 1, 
Labor, 2, False, True, Labor, 1, 
Infectious, 2, False, False, In ##fect ##ious, 3, 
Diseases, 2, False, False, Disease ##s, 2, 
Antonio, 2, False, True, Antonio, 1, 
Mirage, 2, False, False, Mirage, 1, 
Overpass, 2, False, False, Over ##pass, 2, 
ESL, 2, True, False, E ##SL, 2, 
Team, 2, False, True, Team, 1, 
Knowles, 2, False, True, Knowles, 1, 
Thompson, 2, False, True, Thompson, 1, 
Blake, 2, False, True, Blake, 1, 
Mike, 2, False, True, Mike, 1, 
Debenhams, 2, False, False, De ##ben ##ham ##s, 4, 
Arcadia, 2, False, False, Arc ##adia, 2, 
Polish, 2, False, True, Polish, 1, 
Budapest, 2, False, True, Budapest, 1, 
Press, 2, False, True, Press, 1, 
BUDAPEST, 2, True, True, B ##U ##DA ##P ##ES ##T, 6, 
Szijjarto, 2, False, False, S ##zi ##j ##jar ##to, 5, 
Rome, 2, False, True, Rome, 1, 
Green, 2, False, True, Green, 1, 
Deal, 2, False, False, Deal, 1, 
Asiana, 2, False, False, Asian ##a, 2, 
A350-900, 2, True, False, A ##35 ##0 ##- ##90 ##0, 6, 
Colomiers, 2, False, False, Col ##omi ##ers, 3, 
Toulouse, 2, False, False, Toulouse, 1, 
Regis, 2, False, True, Regis, 1, 
Duvignau, 2, False, False, Du ##vi ##gna ##u, 4, 
A350s, 2, False, False, A ##35 ##0s, 3, 
Boeing, 2, False, True, Boeing, 1, 
Canada, 2, False, True, Canada, 1, 
Financial, 2, False, True, Financial, 1, 
OPEC+, 2, True, False, O ##P ##EC ##+, 4, 
Cushing, 2, False, False, C ##ushing, 2, 
Base, 2, False, True, Base, 1, 
Organization, 2, False, False, Organization, 1, 
OPEC, 2, True, False, O ##P ##EC, 3, 
Edward, 2, False, True, Edward, 1, 
Hassan, 2, False, True, Hassan, 1, 
Kuala, 2, False, False, Kuala, 1, 
Lumpur, 2, False, False, Lumpur, 1, 
IRNA, 2, True, True, I ##RNA, 2, 
Oil, 2, False, True, Oil, 1, 
Rashid, 2, False, True, Rashid, 1, 
Tyson, 2, False, False, Tyson, 1, 
Sanderson, 2, False, False, Sanders ##on, 2, 
Justice, 2, False, True, Justice, 1, 
Frankfurt, 2, False, True, Frankfurt, 1, 
Austrian, 2, False, True, Austrian, 1, 
Verdi, 2, False, False, Verdi, 1, 
Block, 2, False, True, Block, 1, 
6, 2, False, False, 6, 1, 
Wood, 2, False, True, Wood, 1, 
Gunner, 2, False, False, Gunner, 1, 
McCourty, 2, False, False, M ##c ##C ##our ##ty, 5, 
Justin, 2, False, True, Justin, 1, 
Herbert, 2, False, True, Herbert, 1, 
Badgley, 2, False, False, Bad ##gley, 2, 
Purchase, 2, False, False, P ##ur ##chase, 3, 
Rattler, 2, False, False, Rat ##tler, 2, 
Thomas, 2, False, True, Thomas, 1, 
Stevenson, 2, False, False, Stevenson, 1, 
Liverpool, 2, False, True, Liverpool, 1, 
Ray, 2, False, True, Ray, 1, 
Moncef, 2, False, False, Mon ##ce ##f, 3, 
BNA, 2, True, False, B ##NA, 2, 
Bahraini, 2, False, False, Bahrain ##i, 2, 
Palestinians, 2, False, True, Palestinians, 1, 
Jerusalem, 2, False, True, Jerusalem, 1, 
Kasler, 2, False, False, Ka ##sler, 2, 
Max, 2, False, True, Max, 1, 
oil, 2, False, False, oil, 1, 
futures, 2, False, False, future ##s, 2, 
Lords, 2, False, False, Lords, 1, 
FT, 2, True, False, F ##T, 2, 
Aerospace, 2, False, False, Aerospace, 1, 
Exploration, 2, False, False, Exploration, 1, 
Kyodo, 2, False, False, K ##yo ##do, 3, 
Yamakawa, 2, False, False, Ya ##ma ##kawa, 3, 
Rudy, 2, False, False, Rudy, 1, 
Jonathan, 2, False, True, Jonathan, 1, 
Ernst, 2, False, False, Ernst, 1, 
USA, 2, True, True, USA, 1, 
Ahmed, 2, False, True, Ahmed, 1, 
Sulayem, 2, False, False, Sul ##ay ##em, 3, 
Omron, 2, False, False, O ##m ##ron, 3, 
Kelly, 2, False, True, Kelly, 1, 
Valdosta, 2, False, False, Val ##dos ##ta, 3, 
Jon, 2, False, True, Jon, 1, 
Supreme, 2, False, True, Supreme, 1, 
KRIS-TV, 2, True, False, K ##RI ##S ##- ##TV, 5, 
La, 2, False, True, La, 1, 
Presse, 2, False, False, Press ##e, 2, 
Macron, 2, False, False, Mac ##ron, 2, 
Baran, 2, False, False, Bar ##an, 2, 
Rajasthan, 2, False, False, Rajasthan, 1, 
ANI, 2, True, False, AN ##I, 2, 
Science, 2, False, False, Science, 1, 
SANTIAGO, 2, True, False, SA ##NT ##IA ##G ##O, 5, 
Reese, 2, False, False, Reese, 1, 
2.0, 2, False, False, 2 ##. ##0, 3, 
Case, 2, False, False, Case, 1, 
Wofford, 2, False, False, W ##off ##ord, 3, 
Petsas, 2, False, False, Pet ##sa ##s, 3, 
Mitsotakis, 2, False, True, Mi ##ts ##ota ##kis, 4, 
Medicines, 2, False, False, Medicine ##s, 2, 
Chicago, 2, False, True, Chicago, 1, 
Issei, 2, False, False, Is ##sei, 2, 
Kato, 2, False, False, Kat ##o, 2, 
Ridgeon, 2, False, True, Ridge ##on, 2, 
HSBC, 2, True, True, H ##SB ##C, 3, 
Hang, 2, False, True, Hang, 1, 
Seng, 2, False, True, Sen ##g, 2, 
Hamilton, 2, False, True, Hamilton, 1, 
Prix, 2, False, True, Prix, 1, 
Toto, 2, False, False, To ##to, 2, 
Racing, 2, False, True, Racing, 1, 
Point, 2, False, True, Point, 1, 
Perez, 2, False, False, Perez, 1, 
Valtteri, 2, False, False, Val ##tter ##i, 3, 
Bottas, 2, False, False, Bo ##tta ##s, 3, 
Affordable, 2, False, False, A ##ff ##ord ##able, 4, 
Care, 2, False, True, Care, 1, 
Act, 2, False, True, Act, 1, 
Obamacare, 2, False, False, Obama ##care, 2, 
Walensky, 2, False, False, W ##ale ##nsky, 3, 
Massachusetts, 2, False, True, Massachusetts, 1, 
Zients, 2, False, False, Z ##ients, 2, 
OF, 2, True, True, OF, 1, 
Progress, 2, False, False, Progress, 1, 
COUNCIL, 2, True, False, CO ##UN ##CI ##L, 4, 
ECONOMIC, 2, True, True, EC ##ON ##OM ##IC, 4, 
Latino, 2, False, False, Latino, 1, 
Mayorkas, 2, False, False, Mayor ##kas, 2, 
CIA, 2, True, False, CIA, 1, 
Haines, 2, False, False, Hai ##nes, 2, 
Ebola, 2, False, False, E ##bol ##a, 3, 
Michele, 2, False, True, Michele, 1, 
Duckworth, 2, False, False, Duck ##worth, 2, 
Yates, 2, False, True, Yates, 1, 
Jones, 2, False, True, Jones, 1, 
Tom, 2, False, True, Tom, 1, 
Sherwood-Randall, 2, False, False, Sherwood ##- ##R ##anda ##ll, 5, 
Inslee, 2, False, False, In ##sle ##e, 3, 
AGENCY, 2, True, False, AG ##EN ##C ##Y, 4, 
Toney, 2, False, False, To ##ney, 2, 
EPA, 2, True, True, EPA, 1, 
O’Mara, 2, False, False, O ##’ ##M ##ara, 4, 
Natural, 2, False, True, Natural, 1, 
Morell, 2, False, False, More ##ll, 2, 
Donilon, 2, False, False, Don ##ilon, 2, 
BENGALURU, 2, True, False, B ##EN ##GA ##L ##UR ##U, 6, 
Delhi, 2, False, True, Delhi, 1, 
NTPC, 2, True, False, N ##TP ##C, 3, 
Topix, 2, False, False, Top ##ix, 2, 
Honshu, 2, False, False, Hon ##shu, 2, 
Shibuya, 2, False, False, Shi ##bu ##ya, 3, 
KDP, 2, True, True, K ##DP, 2, 
Santiago, 2, False, True, Santiago, 1, 
Honduran, 2, False, True, Hon ##du ##ran, 3, 
Juan, 2, False, True, Juan, 1, 
Orlando, 2, False, True, Orlando, 1, 
Eta, 2, False, False, E ##ta, 2, 
Iota, 2, False, False, I ##ota, 2, 
Wolf, 2, False, True, Wolf, 1, 
Social, 2, False, True, Social, 1, 
Eastern, 2, False, True, Eastern, 1, 
Milne, 2, False, False, Milne, 1, 
Liberty, 2, False, False, Liberty, 1, 
HDFC, 2, True, False, HD ##FC, 2, 
Raytheon, 2, False, False, Ray ##theon, 2, 
Segal, 2, False, False, Sega ##l, 2, 
Raffensperger, 2, False, False, Ra ##ffe ##ns ##per ##ger, 5, 
Reno, 2, False, True, Reno, 1, 
Nevada, 2, False, False, Nevada, 1, 
Hawaii, 2, False, True, Hawaii, 1, 
Cyprus, 2, False, True, Cyprus, 1, 
Eustice, 2, False, False, E ##ustic ##e, 3, 
Austria, 1, False, True, Austria, 1, 
Leonhard, 1, False, False, Leon ##hard, 2, 
Foeger, 1, False, False, F ##oe ##ger, 3, 
IR-2m, 1, False, False, I ##R ##- ##2 ##m, 5, 
IR-1, 1, True, False, I ##R ##- ##1, 4, 
Fuel, 1, False, False, Fuel, 1, 
Enrichment, 1, False, False, En ##rich ##ment, 3, 
Plant, 1, False, False, Plant, 1, 
Istanbul, 1, False, True, Istanbul, 1, 
Izmir, 1, False, False, I ##z ##mir, 3, 
Suleyman, 1, False, True, Sul ##ey ##man, 3, 
Soylu, 1, False, False, So ##yl ##u, 3, 
Anadolu, 1, False, False, Ana ##do ##lu, 3, 
Hallie, 1, False, False, Hall ##ie, 2, 
Gu, 1, False, False, G ##u, 2, 
Dominique, 1, False, True, Dominique, 1, 
Coghill, 1, False, False, Co ##gh ##ill, 3, 
Chamber, 1, False, True, Chamber, 1, 
Commerce, 1, False, True, Commerce, 1, 
AICC, 1, True, False, AI ##CC, 2, 
Fair, 1, False, True, Fair, 1, 
Lee, 1, False, True, Lee, 1, 
Hua, 1, False, False, Hu ##a, 2, 
Chunying, 1, False, False, Chun ##ying, 2, 
Post-Brexit, 1, False, False, Post ##- ##B ##re ##xi ##t, 6, 
Thys, 1, False, False, T ##hy ##s, 3, 
Micheal, 1, False, False, Mi ##che ##al, 3, 
Martin, 1, False, True, Martin, 1, 
BoJo, 1, False, False, Bo ##J ##o, 3, 
War, 1, False, True, War, 1, 
EU-UK, 1, True, False, EU ##- ##U ##K, 4, 
Foreign, 1, False, True, Foreign, 1, 
Sandra, 1, False, True, Sandra, 1, 
Sanders, 1, False, False, Sanders, 1, 
Andrews, 1, False, True, Andrews, 1, 
York-based, 1, False, True, York ##- ##base ##d, 4, 
Menlo, 1, False, True, Men ##lo, 2, 
California-based, 1, False, False, California ##- ##base ##d, 4, 
Berlin-based, 1, False, False, Berlin ##- ##base ##d, 4, 
Edinburgh, 1, False, True, Edinburgh, 1, 
Euston, 1, False, False, E ##ust ##on, 3, 
Station, 1, False, True, Station, 1, 
Welsh, 1, False, True, Welsh, 1, 
Shakin, 1, False, False, S ##hak ##in, 3, 
Stevens, 1, False, True, Stevens, 1, 
Merry, 1, False, False, Merry, 1, 
Christmas, 1, False, False, Christmas, 1, 
Everyone, 1, False, False, Everyone, 1, 
Kensington, 1, False, False, Kensington, 1, 
Palace, 1, False, True, Palace, 1, 
Slough, 1, False, True, S ##lough, 2, 
Paddington, 1, False, False, Pa ##ddington, 2, 
station, 1, False, False, station, 1, 
Olivier, 1, False, True, Olivier, 1, 
Hoslet, 1, False, False, Ho ##sle ##t, 3, 
kingdom, 1, False, False, kingdom, 1, 
Guy, 1, False, True, Guy, 1, 
Faulconbridge, 1, False, False, F ##aul ##con ##bridge, 4, 
Paul, 1, False, True, Paul, 1, 
Sandle, 1, False, False, Sand ##le, 2, 
Stefan, 1, False, True, Stefan, 1, 
Koopman, 1, False, False, Ko ##op ##man, 3, 
Rabobank, 1, False, True, Ra ##bo ##bank, 3, 
COVID-19-driven, 1, False, False, CO ##VI ##D ##- ##19 ##- ##dr ##ive ##n, 9, 
Plc, 1, False, True, P ##l ##c, 3, 
Neste, 1, False, False, N ##este, 2, 
Jyväskylä, 1, False, False, J ##y ##v ##ä ##sky ##l ##ä, 7, 
Finland, 1, False, True, Finland, 1, 
Lehtikuva, 1, False, False, Le ##ht ##ik ##u ##va, 5, 
Roni, 1, False, False, Ron ##i, 2, 
Rekomaa, 1, False, False, Re ##ko ##ma ##a, 4, 
Toyota, 1, False, True, Toyota, 1, 
circuit, 1, False, False, circuit, 1, 
Ott, 1, False, False, O ##tt, 2, 
Volkswagen, 1, False, True, Volkswagen, 1, 
Ford, 1, False, True, Ford, 1, 
Stage, 1, False, False, Stage, 1, 
Dani, 1, False, True, Dani, 1, 
Sordo, 1, False, False, So ##rdo, 2, 
U.S.-owned, 1, False, False, U ##. ##S ##. ##- ##own ##ed, 7, 
Duomo, 1, False, False, Duo ##mo, 2, 
square, 1, False, False, square, 1, 
Flavio, 1, False, False, F ##lav ##io, 3, 
lo, 1, False, False, lo, 1, 
Scalzo, 1, False, False, Sc ##al ##zo, 3, 
Jehan, 1, False, False, Je ##han, 2, 
Daruvala, 1, False, False, Dar ##u ##val ##a, 4, 
Callum, 1, False, False, Callum, 1, 
Briton, 1, False, True, B ##rito ##n, 3, 
Yuki, 1, False, False, Yu ##ki, 2, 
Tsunoda, 1, False, False, T ##sun ##oda, 3, 
Honda-powered, 1, False, False, Honda ##- ##powered, 3, 
Alps, 1, False, False, Alps, 1, 
F3, 1, True, False, F ##3, 2, 
GP2, 1, True, False, GP ##2, 2, 
Academy, 1, False, True, Academy, 1, 
Ferrari-powered, 1, False, False, Ferrari ##- ##powered, 3, 
Nikita, 1, False, False, Nik ##ita, 2, 
Mazepin, 1, False, False, Ma ##ze ##pin, 3, 
Instagram, 1, False, False, In ##sta ##gram, 3, 
Nigel, 1, False, True, Nigel, 1, 
Geach, 1, False, False, G ##each, 2, 
Jocelyn, 1, False, False, Jocelyn, 1, 
Stop, 1, False, False, Stop, 1, 
Steal, 1, False, False, St ##eal, 2, 
Dana, 1, False, True, Dana, 1, 
Nessel, 1, False, False, N ##ess ##el, 3, 
Gretchen, 1, False, False, Gretchen, 1, 
Gabriela, 1, False, True, Gabriel ##a, 2, 
Baczynska, 1, False, False, Ba ##cz ##yn ##ska, 4, 
Australians, 1, False, True, Australians, 1, 
Sri, 1, False, True, Sri, 1, 
Lanka, 1, False, True, Lanka, 1, 
BAMAKO, 1, True, False, BA ##MA ##KO, 3, 
Boubacar, 1, False, False, Bo ##uba ##car, 3, 
Bah, 1, False, False, Ba ##h, 2, 
Ndaw, 1, False, False, N ##da ##w, 3, 
Malick, 1, False, False, Mali ##ck, 2, 
Salvation, 1, False, True, Salvation, 1, 
People, 1, False, True, People, 1, 
CNSP, 1, True, False, C ##NS ##P, 3, 
M5-RFP, 1, True, False, M ##5 ##- ##R ##FP, 5, 
al, 1, False, True, al, 1, 
Qaeda, 1, False, False, Qaeda, 1, 
Islamic, 1, False, True, Islamic, 1, 
Lucy, 1, False, False, Lucy, 1, 
Nicholson, 1, False, False, Nicholson, 1, 
Banco, 1, False, True, Ban ##co, 2, 
Becerril, 1, False, False, Be ##cer ##ril, 3, 
MEXICO, 1, True, True, ME ##X ##IC ##O, 4, 
Mexican, 1, False, True, Mexican, 1, 
Andres, 1, False, True, Andre ##s, 2, 
Galia, 1, False, False, G ##alia, 2, 
Javier, 1, False, True, Javier, 1, 
Guzman, 1, False, True, G ##uz ##man, 3, 
Irene, 1, False, True, Irene, 1, 
Espinosa, 1, False, False, E ##sp ##ino ##sa, 4, 
BRASILIA, 1, True, True, BR ##AS ##IL ##IA, 4, 
RIO, 1, True, True, R ##IO, 2, 
DE, 1, True, True, DE, 1, 
JANEIRO, 1, True, True, J ##AN ##EI ##RO, 4, 
Jair, 1, False, False, Jai ##r, 2, 
Brazilians, 1, False, False, Brazilian ##s, 2, 
@anvisa_oficial, 1, False, False, @ ##an ##vis ##a ##_ ##of ##ici ##al, 8, 
@govbr, 1, False, False, @ ##go ##v ##b ##r, 5, 
Butantan, 1, False, False, But ##ant ##an, 3, 
biomedical, 1, False, False, bio ##medical, 2, 
center, 1, False, False, center, 1, 
Dimas, 1, False, True, Di ##mas, 2, 
CoronaVac, 1, False, False, Co ##rona ##V ##ac, 4, 
Biotech, 1, False, False, B ##iot ##ech, 3, 
Joao, 1, False, True, Jo ##ao, 2, 
GloboNews, 1, False, False, G ##lo ##bo ##N ##ews, 5, 
Axi, 1, False, False, A ##xi, 2, 
Kunal, 1, False, False, Ku ##nal, 2, 
Shah, 1, False, True, Shah, 1, 
Nirmal, 1, False, True, Ni ##rmal, 2, 
Bang, 1, False, False, Bang, 1, 
Commodities, 1, False, True, Co ##mm ##od ##ities, 4, 
Rashmi, 1, False, False, Ra ##sh ##mi, 3, 
Aich, 1, False, False, Ai ##ch, 2, 
Melville, 1, False, False, Melville, 1, 
BEIRUT, 1, True, True, B ##EI ##R ##UT, 4, 
French-Lebanese, 1, False, False, French ##- ##L ##eb ##ane ##se, 6, 
Souks, 1, False, False, So ##uk ##s, 3, 
Chants, 1, False, False, Chan ##ts, 2, 
Rony, 1, False, False, Ron ##y, 2, 
Challita, 1, False, False, Cha ##lli ##ta, 3, 
Romania, 1, False, True, Romania, 1, 
SAN, 1, True, True, SA ##N, 2, 
FRANCISCO, 1, True, True, F ##RA ##NC ##IS ##CO, 5, 
Stockholm, 1, False, True, Stockholm, 1, 
Anna, 1, False, True, Anna, 1, 
Ringstrom, 1, False, False, Rings ##trom, 2, 
Booking, 1, False, False, Book ##ing, 2, 
Priceline, 1, False, False, Price ##line, 2, 
Kayak, 1, False, False, Kay ##ak, 2, 
Gina, 1, False, True, Gina, 1, 
Chon, 1, False, False, Cho ##n, 2, 
Amazon.com, 1, False, False, Amazon ##. ##com, 3, 
Walmart, 1, False, False, W ##al ##mart, 3, 
Beales, 1, False, False, Be ##ales, 2, 
Lauren, 1, False, True, Lauren, 1, 
Silva, 1, False, True, Silva, 1, 
Laughlin, 1, False, False, Lau ##gh ##lin, 3, 
Hut, 1, False, False, Hu ##t, 2, 
Lookfantastic, 1, False, False, Look ##fant ##astic, 3, 
ESPA, 1, True, False, E ##SP ##A, 3, 
Matthew, 1, False, True, Matthew, 1, 
Beauty, 1, False, False, Beauty, 1, 
HK$, 1, True, True, HK ##$, 2, 
Kongers, 1, False, False, Kong ##ers, 2, 
Robyn, 1, False, False, Rob ##yn, 2, 
Mak, 1, False, False, Ma ##k, 2, 
Remo, 1, False, False, Re ##mo, 2, 
Bernard, 1, False, True, Bernard, 1, 
Arnault, 1, False, False, A ##rna ##ult, 3, 
Karen, 1, False, True, Karen, 1, 
Kwok, 1, False, False, K ##wo ##k, 3, 
Elysee, 1, False, False, Ely ##see, 2, 
ARENH, 1, True, False, AR ##EN ##H, 3, 
EDF, 1, True, False, E ##DF, 2, 
GV, 1, True, False, G ##V, 2, 
De, 1, False, True, De, 1, 
Clercq, 1, False, True, C ##ler ##c ##q, 4, 
SUN, 1, True, False, S ##UN, 2, 
Gary, 1, False, True, Gary, 1, 
Player, 1, False, True, Player, 1, 
Country, 1, False, True, Country, 1, 
Snyder, 1, False, False, Snyder, 1, 
Jamie, 1, False, True, Jamie, 1, 
Alfred, 1, False, True, Alfred, 1, 
Dunhill, 1, False, False, Du ##nh ##ill, 3, 
Leopard, 1, False, False, Leo ##pard, 2, 
Creek, 1, False, False, Creek, 1, 
WELLINGTON, 1, True, True, W ##EL ##L ##ING ##TO ##N, 6, 
Zealand, 1, False, True, Zealand, 1, 
Jacinda, 1, False, False, J ##ac ##inda, 3, 
Christchurch, 1, False, True, Christchurch, 1, 
Brenton, 1, False, False, Brent ##on, 2, 
Tarrant, 1, False, False, Ta ##rra ##nt, 3, 
Englishman, 1, False, True, English ##man, 2, 
Pelley, 1, False, False, P ##elle ##y, 3, 
Jackie, 1, False, True, Jackie, 1, 
Percy, 1, False, False, Percy, 1, 
Ferndown, 1, False, False, Fe ##rn ##down, 3, 
Gor-Ray, 1, False, False, Go ##r ##- ##R ##ay, 5, 
PGA, 1, True, True, PGA, 1, 
Assistant, 1, False, False, Assistant, 1, 
Professionals, 1, False, False, Professional ##s, 2, 
Birkdale, 1, False, False, B ##irk ##dale, 3, 
ESPN, 1, True, False, ESPN, 1, 
Celine, 1, False, False, Ce ##line, 2, 
FAUCI, 1, True, False, FA ##UC ##I, 3, 
Andrew, 1, False, True, Andrew, 1, 
Glenmede, 1, False, False, Glen ##med ##e, 3, 
Rupert, 1, False, True, Rupert, 1, 
Economics, 1, False, True, Economics, 1, 
Ricci, 1, False, False, R ##ic ##ci, 3, 
Lithium, 1, False, False, Li ##thi ##um, 3, 
Perth-based, 1, False, False, Perth ##- ##base ##d, 4, 
Albemarle, 1, False, False, Al ##be ##mar ##le, 4, 
SQM, 1, True, False, S ##Q ##M, 3, 
Grant, 1, False, True, Grant, 1, 
Samuel, 1, False, True, Samuel, 1, 
Standard, 1, False, True, Standard, 1, 
Chartered, 1, False, False, Chartered, 1, 
A$, 1, True, True, A ##$, 2, 
Paulina, 1, False, False, Paul ##ina, 2, 
Duran, 1, False, False, Du ##ran, 2, 
Coates, 1, False, False, Co ##ates, 2, 
Lusha, 1, False, False, Lu ##sha, 2, 
Zhang, 1, False, True, Zhang, 1, 
Gabriel, 1, False, True, Gabriel, 1, 
Crossley, 1, False, False, Cross ##ley, 2, 
Holmes, 1, False, False, Holmes, 1, 
High, 1, False, True, High, 1, 
Oslo-based, 1, False, False, Oslo ##- ##base ##d, 4, 
Conor, 1, False, False, Conor, 1, 
Humphries, 1, False, True, Hu ##mp ##hr ##ies, 4, 
Jan, 1, False, True, Jan, 1, 
Harvey, 1, False, True, Harvey, 1, 
JEUMONT, 1, True, False, J ##E ##UM ##ON ##T, 5, 
Colette, 1, False, False, Cole ##tte, 2, 
Boussois, 1, False, False, Bo ##uss ##ois, 3, 
Marie-Paule, 1, False, False, Marie ##- ##P ##aul ##e, 5, 
Dronsart, 1, False, False, Dr ##ons ##art, 3, 
Marie-Joseph, 1, False, False, Marie ##- ##J ##ose ##ph, 5, 
Marchant, 1, False, False, March ##ant, 2, 
Stephanie, 1, False, True, Stephanie, 1, 
Loiseau, 1, False, False, Lois ##eau, 2, 
Jeumont, 1, False, False, Je ##um ##ont, 3, 
Fabienne, 1, False, False, F ##abi ##enne, 3, 
Raymonde, 1, False, False, Raymond ##e, 2, 
Loire, 1, False, False, Loire, 1, 
Karish, 1, False, False, Ka ##ris ##h, 3, 
RBC, 1, True, False, RB ##C, 2, 
Edison, 1, False, True, Edison, 1, 
Algerian, 1, False, True, Algerian, 1, 
Yadarisa, 1, False, False, Ya ##dar ##isa, 3, 
Shabong, 1, False, False, S ##hab ##ong, 3, 
Shadia, 1, False, False, S ##had ##ia, 3, 
Nasralla, 1, False, False, Na ##s ##ral ##la, 4, 
Louise, 1, False, True, Louise, 1, 
Heavens, 1, False, False, Heaven ##s, 2, 
ACCRA, 1, True, False, ACC ##RA, 2, 
Nana, 1, False, True, Nana, 1, 
Ghana, 1, False, False, Ghana, 1, 
Monetary, 1, False, True, Mon ##eta ##ry, 3, 
Evelyn, 1, False, True, Evelyn, 1, 
Amey, 1, False, False, Am ##ey, 2, 
Accra, 1, False, False, A ##cc ##ra, 3, 
McBride, 1, False, False, McBride, 1, 
Derek, 1, False, True, Derek, 1, 
Challenge, 1, False, True, Challenge, 1, 
Emmitt, 1, False, False, Em ##mit ##t, 3, 
Matthews, 1, False, True, Matthews, 1, 
Jr, 1, False, True, Jr, 1, 
Taz, 1, False, False, Ta ##z, 2, 
Sherman, 1, False, False, Sherman, 1, 
Oscar, 1, False, True, Oscar, 1, 
Jahvon, 1, False, False, J ##ah ##von, 3, 
Blair, 1, False, True, Blair, 1, 
Jamorko, 1, False, False, Jam ##or ##ko, 3, 
Pickett, 1, False, False, Pick ##ett, 2, 
Chudier, 1, False, False, Chu ##dier, 2, 
Bile, 1, False, False, B ##ile, 2, 
Qudus, 1, False, False, Q ##ud ##us, 3, 
Wahab, 1, False, False, W ##ah ##ab, 3, 
Jalen, 1, False, False, J ##ale ##n, 3, 
2014, 1, False, False, 2014, 1, 
NIT, 1, True, False, N ##IT, 2, 
McDonough, 1, False, False, M ##c ##D ##ono ##ugh, 5, 
Chuck, 1, False, True, Chuck, 1, 
Schumer, 1, False, False, Sc ##hum ##er, 3, 
McConnell, 1, False, False, M ##c ##C ##onnell, 4, 
Susan, 1, False, True, Susan, 1, 
Cornwell, 1, False, False, Co ##rn ##well, 3, 
Eric, 1, False, True, Eric, 1, 
Beech, 1, False, False, Bee ##ch, 2, 
Tim, 1, False, True, Tim, 1, 
Ahmann, 1, False, False, Ah ##mann, 2, 
Al-Khalid, 1, False, False, Al ##- ##K ##hali ##d, 5, 
Al-Sabah, 1, False, False, Al ##- ##S ##aba ##h, 5, 
League, 1, False, True, League, 1, 
Israeli-Palestinian, 1, False, False, Israeli ##- ##P ##ales ##tin ##ian, 6, 
Cairo, 1, False, True, Cairo, 1, 
Egypt, 1, False, True, Egypt, 1, 
Mohamed, 1, False, True, Mohamed, 1, 
Abd, 1, False, False, Abd, 1, 
El, 1, False, True, El, 1, 
Ghany, 1, False, False, G ##han ##y, 3, 
KUNA, 1, True, False, K ##UN ##A, 3, 
Khalid, 1, False, True, Khalid, 1, 
Report, 1, False, False, Report, 1, 
Final, 1, False, False, Final, 1, 
YouTube, 1, False, False, YouTube, 1, 
Logan, 1, False, False, Logan, 1, 
Logistx, 1, False, False, Lo ##gis ##t ##x, 4, 
Ellen, 1, False, False, Ellen, 1, 
DeGeneres, 1, False, False, De ##G ##ener ##es, 4, 
Show, 1, False, False, Show, 1, 
Silverback, 1, False, False, Silver ##back, 2, 
Ronnie, 1, False, True, Ronnie, 1, 
Abaldonado, 1, False, False, A ##bal ##don ##ado, 4, 
Crazy, 1, False, False, Crazy, 1, 
Legs, 1, False, False, Le ##gs, 2, 
Bronx, 1, False, False, Bronx, 1, 
Beat, 1, False, False, Beat, 1, 
Flashdance, 1, False, False, Flash ##dance, 2, 
Place, 1, False, True, Place, 1, 
la, 1, False, True, la, 1, 
Concorde, 1, False, False, Concord ##e, 2, 
Champs-Elysees, 1, False, False, Cha ##mps ##- ##E ##ly ##see ##s, 7, 
Jean-Philippe, 1, False, True, Jean ##- ##P ##hil ##ip ##pe, 6, 
Gatien, 1, False, False, G ##ati ##en, 3, 
Joko, 1, False, False, Jo ##ko, 2, 
Widodo, 1, False, False, W ##ido ##do, 3, 
Southeast, 1, False, False, Southeast, 1, 
Pacific, 1, False, True, Pacific, 1, 
Taiwanese, 1, False, True, Taiwanese, 1, 
Mizuho, 1, False, False, Mi ##zu ##ho, 3, 
bank, 1, False, True, bank, 1, 
Concepts, 1, False, False, Concept ##s, 2, 
Advista, 1, False, False, Ad ##vist ##a, 3, 
Finance, 1, False, True, Finance, 1, 
UOL, 1, True, False, U ##OL, 2, 
Developments, 1, False, False, Development ##s, 2, 
Philippines, 1, False, True, Philippines, 1, 
S., 1, True, True, S ##., 2, 
Taiwan, 1, False, True, Taiwan, 1, 
Jacqueline, 1, False, True, Jacqueline, 1, 
Wong, 1, False, True, Wong, 1, 
Inovio, 1, False, False, In ##ov ##io, 3, 
Pharmaceuticals, 1, False, False, Ph ##arma ##ce ##utical ##s, 5, 
INO-4800, 1, True, False, IN ##O ##- ##48 ##00, 5, 
Manojna, 1, False, False, Man ##o ##jn ##a, 4, 
Maddipatla, 1, False, False, Mad ##di ##pa ##tl ##a, 5, 
Shounak, 1, False, False, S ##hou ##na ##k, 4, 
Dasgupta, 1, False, False, Das ##gu ##pta, 3, 
Investment, 1, False, True, Investment, 1, 
Tel, 1, False, True, Tel, 1, 
Aviv, 1, False, True, Aviv, 1, 
Hendi, 1, False, False, He ##ndi, 2, 
OSLO, 1, True, True, OS ##L ##O, 3, 
ASA, 1, True, False, AS ##A, 2, 
Belarusian, 1, False, False, Belarusian, 1, 
Svein, 1, False, False, S ##ve ##in, 3, 
Tore, 1, False, False, Tor ##e, 2, 
Lukashenko, 1, False, False, Lu ##kas ##hen ##ko, 4, 
Terje, 1, False, False, Te ##r ##je, 3, 
Solsvik, 1, False, False, Sol ##s ##vik, 3, 
Oslo, 1, False, True, Oslo, 1, 
Vladimir, 1, False, True, Vladimir, 1, 
Soldatkin, 1, False, False, Sol ##da ##t ##kin, 4, 
Helen, 1, False, False, Helen, 1, 
Popper, 1, False, False, Pop ##per, 2, 
Shamrock, 1, False, True, S ##ham ##rock, 3, 
Advisors, 1, False, False, Advisor ##s, 2, 
Taylor, 1, False, True, Taylor, 1, 
Hipgnosis, 1, False, False, Hip ##gno ##sis, 3, 
Songs, 1, False, False, Songs, 1, 
Rihanna, 1, False, False, R ##ih ##anna, 3, 
Spotify, 1, False, False, Spot ##ify, 2, 
Deloitte, 1, False, False, Del ##oit ##te, 3, 
Stevie, 1, False, False, Stevie, 1, 
Nicks, 1, False, False, Nick ##s, 2, 
SEOUL, 1, True, True, SE ##O ##U ##L, 4, 
Assembly, 1, False, True, Assembly, 1, 
Jeon, 1, False, False, Je ##on, 2, 
Heon-Kyun, 1, False, False, He ##on ##- ##K ##yun, 5, 
Blue, 1, False, True, Blue, 1, 
Man-ho, 1, False, False, Man ##- ##ho, 3, 
Seong-woong, 1, False, False, Se ##ong ##- ##wo ##ong, 5, 
Hagwons, 1, False, False, Ha ##g ##won ##s, 4, 
KUWAIT, 1, True, False, K ##U ##WA ##IT, 4, 
Mohamad, 1, False, False, Mo ##ham ##ad, 3, 
al-Dosayri, 1, False, False, al ##- ##D ##osa ##yr ##i, 6, 
al-Sabah, 1, False, False, al ##- ##S ##aba ##h, 5, 
Hamad, 1, False, False, Ham ##ad, 2, 
al-Otaibi, 1, False, False, al ##- ##O ##tai ##bi, 5, 
Emiri, 1, False, False, Em ##iri, 2, 
Diwan, 1, False, False, Di ##wan, 2, 
Bavarian, 1, False, True, Bavarian, 1, 
Berlin, 1, False, True, Berlin, 1, 
Odd, 1, False, False, Odd, 1, 
Andersen, 1, False, False, Andersen, 1, 
ARD, 1, True, False, AR ##D, 2, 
Koch, 1, False, False, Koch, 1, 
Helge, 1, False, False, He ##lge, 2, 
Braun, 1, False, False, Braun, 1, 
STOCKHOLM, 1, True, True, ST ##OC ##K ##H ##OL ##M, 6, 
MK, 1, True, False, M ##K, 2, 
Wing, 1, False, False, Wing, 1, 
Chair, 1, False, False, Chair, 1, 
Konrad, 1, False, True, Konrad, 1, 
Systems, 1, False, True, Systems, 1, 
Pacific-12, 1, False, False, Pacific ##- ##12, 3, 
Berkeley, 1, False, True, Berkeley, 1, 
Chase, 1, False, True, Chase, 1, 
Nikko, 1, False, False, Nik ##ko, 2, 
Golden, 1, False, True, Golden, 1, 
Huskies, 1, False, False, Hu ##ski ##es, 3, 
Johnny, 1, False, True, Johnny, 1, 
Kuony, 1, False, False, Ku ##ony, 2, 
Deng, 1, False, False, Den ##g, 2, 
Muelu, 1, False, False, Mu ##el ##u, 3, 
Iosefa, 1, False, False, I ##ose ##fa, 3, 
Travis, 1, False, True, Travis, 1, 
Cyrus, 1, False, False, Cyrus, 1, 
Habibi-Likio, 1, False, False, Ha ##bi ##bi ##- ##L ##iki ##o, 7, 
Bradrick, 1, False, False, Brad ##rick, 2, 
Shaw, 1, False, False, Shaw, 1, 
Mineral, 1, False, False, Mine ##ral, 2, 
Durban, 1, False, True, Du ##rban, 2, 
Petronas, 1, False, False, Pet ##rona ##s, 3, 
Industry, 1, False, True, Industry, 1, 
Astron, 1, False, False, As ##tron, 2, 
Wendell, 1, False, False, Wendell, 1, 
Roelf, 1, False, False, Roe ##lf, 2, 
Pravin, 1, False, False, P ##ra ##vin, 3, 
Char, 1, False, False, Cha ##r, 2, 
Birmingham, 1, False, True, Birmingham, 1, 
Luke, 1, False, True, Luke, 1, 
MacGregor, 1, False, False, Mac ##G ##re ##gor, 4, 
Alok, 1, False, False, Al ##ok, 2, 
ITV, 1, True, False, ITV, 1, 
Scottish, 1, False, True, Scottish, 1, 
Glasgow, 1, False, True, Glasgow, 1, 
Kasowitz, 1, False, False, Ka ##so ##witz, 3, 
Torres, 1, False, False, Torres, 1, 
Jessica, 1, False, False, Jessica, 1, 
Taub, 1, False, False, Tau ##b, 2, 
Rosenberg, 1, False, False, Rosenberg, 1, 
Slams, 1, False, True, Slam ##s, 2, 
Famer, 1, False, False, Fame ##r, 2, 
Slam, 1, False, True, Slam, 1, 
1966, 1, False, False, 1966, 1, 
Santana, 1, False, False, Santana, 1, 
Tennis, 1, False, True, Tennis, 1, 
SE, 1, True, False, SE, 1, 
Redfield, 1, False, False, Red ##field, 2, 
Education, 1, False, True, Education, 1, 
Pensions, 1, False, False, Pen ##sions, 2, 
Hearing, 1, False, False, Hearing, 1, 
Capitol, 1, False, False, Capitol, 1, 
D.C., 1, True, True, D ##. ##C ##., 4, 
Edelman, 1, False, False, Ed ##el ##man, 3, 
Advisory, 1, False, False, Advisory, 1, 
Immunization, 1, False, False, I ##mm ##uni ##zation, 4, 
Practices, 1, False, False, Practice ##s, 2, 
emergency, 1, False, False, emergency, 1, 
use, 1, False, False, use, 1, 
authorization, 1, False, False, authorization, 1, 
EUA, 1, True, False, EU ##A, 2, 
Foundation, 1, False, True, Foundation, 1, 
Houses, 1, False, False, Houses, 1, 
Bronic, 1, False, False, B ##ronic, 2, 
mouseports, 1, False, False, mouse ##ports, 2, 
decider, 1, False, False, decide ##r, 2, 
Inferno, 1, False, False, In ##ferno, 2, 
Estonia, 1, False, True, Estonia, 1, 
Robin, 1, False, True, Robin, 1, 
ropz, 1, False, False, r ##op ##z, 3, 
Kool, 1, False, False, Ko ##ol, 2, 
Asger, 1, False, False, As ##ger, 2, 
Farlig, 1, False, False, Far ##li ##g, 3, 
Jensen, 1, False, True, Jensen, 1, 
Denmark, 1, False, True, Denmark, 1, 
Montenegro, 1, False, True, Montenegro, 1, 
Pavle, 1, False, False, Pa ##v ##le, 3, 
Maden, 1, False, False, Made ##n, 2, 
Boskovic, 1, False, False, Bo ##sko ##vic, 3, 
Nicolai, 1, False, False, Nicola ##i, 2, 
device, 1, False, False, device, 1, 
Reedtz, 1, False, False, Reed ##tz, 2, 
all-Danish, 1, False, False, all ##- ##D ##ani ##sh, 5, 
Heroic, 1, False, False, Hero ##ic, 2, 
Cloud9, 1, False, False, Cloud ##9, 2, 
Gambit, 1, False, False, G ##am ##bit, 3, 
Complexity, 1, False, False, Complex ##ity, 2, 
FaZe, 1, False, False, F ##a ##Z ##e, 4, 
Clan, 1, False, False, Clan, 1, 
Spirit, 1, False, False, Spirit, 1, 
G2, 1, True, False, G ##2, 2, 
c0ntact, 1, False, False, c ##0 ##nta ##ct, 4, 
ENCE, 1, True, False, E ##NC ##E, 3, 
Liquid, 1, False, False, Li ##quid, 2, 
Nemiga, 1, False, False, N ##em ##iga, 3, 
Bijan, 1, False, False, B ##ija ##n, 3, 
Roschon, 1, False, False, R ##os ##cho ##n, 4, 
Manhattan, 1, False, True, Manhattan, 1, 
Kan, 1, False, True, Ka ##n, 2, 
Nebraska, 1, False, True, Nebraska, 1, 
Ehlinger, 1, False, False, E ##hl ##inger, 3, 
Deuce, 1, False, False, De ##uce, 2, 
Leon, 1, False, True, Leon, 1, 
Will, 1, False, True, Will, 1, 
Malik, 1, False, True, Malik, 1, 
D’Shawn, 1, False, False, D ##’ ##S ##haw ##n, 5, 
Jamison, 1, False, False, Jam ##ison, 2, 
Jordan, 1, False, True, Jordan, 1, 
Whittington, 1, False, False, W ##hit ##ting ##ton, 4, 
Cade, 1, False, False, Cade, 1, 
Malcolm, 1, False, True, Malcolm, 1, 
Epps, 1, False, False, E ##pps, 2, 
Dicker, 1, False, False, Dick ##er, 2, 
Jerrin, 1, False, False, Je ##rri ##n, 3, 
Lynch, 1, False, True, Lynch, 1, 
Wildcats, 1, False, False, Wildcats, 1, 
Ashley, 1, False, True, Ashley, 1, 
Sunday, 1, False, True, Sunday, 1, 
Debenhams-concession, 1, False, False, De ##ben ##ham ##s ##- ##con ##cession, 7, 
Viktor, 1, False, True, Viktor, 1, 
Orban, 1, False, False, Or ##ban, 2, 
Mateusz, 1, False, False, Mat ##eus ##z, 3, 
Morawiecki, 1, False, False, Mo ##raw ##ie ##cki, 4, 
Zoltan, 1, False, False, Z ##olt ##an, 3, 
Prime, 1, False, False, Prime, 1, 
Minister, 1, False, False, Minister, 1, 
's, 1, False, True, ' ##s, 2, 
Handout, 1, False, False, Hand ##out, 2, 
Warsaw, 1, False, True, Warsaw, 1, 
Pawel, 1, False, False, Pa ##we ##l, 3, 
Jablonski, 1, False, False, J ##ab ##lons ##ki, 4, 
Polsat, 1, False, False, Pol ##sat, 2, 
Guglielmo, 1, False, False, G ##ug ##lie ##lm ##o, 5, 
Mangiapane, 1, False, False, Man ##gia ##pan ##e, 4, 
Steve, 1, False, True, Steve, 1, 
ITM, 1, True, False, IT ##M, 2, 
A320neo, 1, False, False, A ##32 ##0 ##ne ##o, 5, 
A220-100, 1, True, False, A2 ##20 ##- ##100, 4, 
Bombardier, 1, False, False, Bomb ##ard ##ier, 3, 
CSeries, 1, False, False, CS ##eries, 2, 
Jerome, 1, False, True, Jerome, 1, 
Salomon, 1, False, True, Sal ##omo ##n, 3, 
Drone, 1, False, False, Dr ##one, 2, 
Exporting, 1, False, False, Expo ##rting, 2, 
Countries, 1, False, True, Countries, 1, 
Bjornar, 1, False, False, B ##jo ##rna ##r, 4, 
Tonhaugen, 1, False, False, To ##nh ##au ##gen, 4, 
Rystad, 1, False, False, R ##ys ##tad, 3, 
OPIS, 1, True, False, O ##PI ##S, 3, 
Patrick, 1, False, True, Patrick, 1, 
Hussy, 1, False, False, Hu ##ssy, 2, 
Summit, 1, False, True, Summit, 1, 
Lim, 1, False, True, Lim, 1, 
Huey, 1, False, False, Hu ##ey, 2, 
Teng, 1, False, False, Ten ##g, 2, 
Midtown, 1, False, False, Mid ##town, 2, 
Umar, 1, False, True, Um ##ar, 2, 
Abbasi, 1, False, False, Abbas ##i, 2, 
Foods, 1, False, False, Foods, 1, 
Atlanta-based, 1, False, True, Atlanta ##- ##base ##d, 4, 
Brazilian, 1, False, True, Brazilian, 1, 
JBS, 1, True, False, J ##BS, 2, 
Staub, 1, False, False, St ##au ##b, 3, 
10, 1, False, False, 10, 1, 
Kirsty, 1, False, False, Ki ##rst ##y, 3, 
Wigglesworth, 1, False, False, W ##ig ##gles ##worth, 4, 
Airport, 1, False, True, Airport, 1, 
Kai, 1, False, False, Kai, 1, 
Pfaffenbach, 1, False, False, P ##fa ##ffe ##n ##bach, 5, 
Eurowings, 1, False, False, Euro ##wing ##s, 3, 
Swiss, 1, False, True, Swiss, 1, 
am, 1, False, True, am, 1, 
Sonntag, 1, False, True, Son ##nta ##g, 3, 
LSG, 1, True, False, L ##S ##G, 3, 
Carsten, 1, False, True, Cars ##ten, 2, 
Spohr, 1, False, False, S ##po ##hr, 3, 
Official, 1, False, False, Official, 1, 
Mackenzie, 1, False, False, Mackenzie, 1, 
Shariah, 1, False, False, S ##hari ##ah, 3, 
Omani, 1, False, False, Oman ##i, 2, 
Haitham, 1, False, False, Hai ##tham, 2, 
al-Said, 1, False, False, al ##- ##S ##aid, 4, 
Cam, 1, False, True, Cam, 1, 
Devin, 1, False, False, Devin, 1, 
Inglewood, 1, False, False, In ##gle ##wood, 3, 
Jerry, 1, False, True, Jerry, 1, 
Tillery, 1, False, False, Till ##ery, 2, 
Cody, 1, False, False, Cody, 1, 
N’Keal, 1, False, False, N ##’ ##K ##eal, 4, 
Harry, 1, False, False, Harry, 1, 
Nick, 1, False, True, Nick, 1, 
Folk, 1, False, False, Folk, 1, 
Jarrett, 1, False, False, Jarrett, 1, 
Stidham, 1, False, False, St ##id ##ham, 3, 
Ralph, 1, False, False, Ralph, 1, 
Orlowski, 1, False, False, Or ##lows ##ki, 3, 
Pandemic, 1, False, False, Pan ##de ##mic, 3, 
Emergency, 1, False, False, Emergency, 1, 
Targeted, 1, False, False, Target ##ed, 2, 
Long-Term, 1, False, False, Long ##- ##T ##er ##m, 5, 
Refinancing, 1, False, False, Re ##fin ##an ##cing, 4, 
Operations, 1, False, False, Operations, 1, 
Asset, 1, False, True, As ##set, 2, 
VTB, 1, True, False, V ##T ##B, 3, 
Neil, 1, False, True, Neil, 1, 
MacKinnon, 1, False, False, Mac ##K ##inn ##on, 4, 
Luis, 1, False, True, Luis, 1, 
Guindos, 1, False, False, G ##uin ##dos, 3, 
SHANGHAI, 1, True, True, SH ##AN ##G ##HA ##I, 5, 
Spencer, 1, False, False, Spencer, 1, 
Norman, 1, False, True, Norman, 1, 
Okla, 1, False, False, Ok ##la, 2, 
Game, 1, False, False, Game, 1, 
Charlie, 1, False, False, Charlie, 1, 
Isaiah, 1, False, False, Isaiah, 1, 
Rhamondre, 1, False, False, R ##ham ##ond ##re, 4, 
Phil, 1, False, True, Phil, 1, 
Noble, 1, False, False, Noble, 1, 
Rachel, 1, False, False, Rachel, 1, 
Osborne, 1, False, True, Osborne, 1, 
Kelvin, 1, False, False, Ke ##lvin, 2, 
GlaxoSmithKline, 1, False, False, G ##lax ##o ##S ##mith ##K ##line, 7, 
Rose, 1, False, True, Rose, 1, 
Garden, 1, False, False, Garden, 1, 
Kevin, 1, False, True, Kevin, 1, 
Lamarque, 1, False, False, Lamar ##que, 2, 
Operation, 1, False, True, Operation, 1, 
Warp, 1, False, False, War ##p, 2, 
Speed, 1, False, False, Speed, 1, 
Face, 1, False, False, Face, 1, 
Nation, 1, False, False, Nation, 1, 
This, 1, False, False, This, 1, 
Week, 1, False, False, Week, 1, 
Deborah, 1, False, False, Deborah, 1, 
Birx, 1, False, False, B ##ir ##x, 3, 
coronavirus, 1, False, False, co ##rona ##virus, 3, 
task, 1, False, False, task, 1, 
force, 1, False, False, force, 1, 
NBC, 1, True, True, NBC, 1, 
Meet, 1, False, False, Meet, 1, 
Seven, 1, False, True, Seven, 1, 
G7, 1, True, False, G ##7, 2, 
Beijer, 1, False, False, Be ##i ##jer, 3, 
Ref, 1, False, False, Re ##f, 2, 
AB, 1, True, True, AB, 1, 
Markets, 1, False, True, Markets, 1, 
Zayed, 1, False, False, Z ##ay ##ed, 3, 
al-Zayani, 1, False, False, al ##- ##Z ##aya ##ni, 5, 
Manama, 1, False, False, Man ##ama, 2, 
Golan, 1, False, True, Go ##lan, 2, 
Heights, 1, False, True, Heights, 1, 
U.S.-sponsored, 1, False, True, U ##. ##S ##. ##- ##sp ##ons ##ored, 8, 
Riyad, 1, False, False, R ##iya ##d, 3, 
al-Maliki, 1, False, False, al ##- ##M ##ali ##ki, 5, 
Abdullatif, 1, False, False, Abdul ##lat ##if, 3, 
Al-Zayani, 1, False, False, Al ##- ##Z ##aya ##ni, 5, 
Maliki, 1, False, False, Malik ##i, 2, 
Gaza, 1, False, True, Gaza, 1, 
Jewish, 1, False, True, Jewish, 1, 
Palestianians, 1, False, False, Pa ##les ##tian ##ians, 4, 
Benjamin, 1, False, True, Benjamin, 1, 
Netanyahu, 1, False, True, Net ##any ##ahu, 3, 
Gam-COVID-Vac, 1, False, False, G ##am ##- ##CO ##VI ##D ##- ##V ##ac, 9, 
Sputnik-V, 1, False, False, S ##put ##nik ##- ##V, 5, 
BIOCAD, 1, True, False, B ##IO ##CA ##D, 4, 
Saint, 1, False, True, Saint, 1, 
Petersburg, 1, False, True, Petersburg, 1, 
Anton, 1, False, True, Anton, 1, 
Vaganov, 1, False, False, V ##agan ##ov, 3, 
Hungarians, 1, False, False, Hungarians, 1, 
Sputnik, 1, False, False, S ##put ##nik, 3, 
V, 1, True, True, V, 1, 
Miklos, 1, False, False, Mi ##k ##los, 3, 
WHO, 1, True, False, WHO, 1, 
Kedon, 1, False, False, Ke ##don, 2, 
Amon-Ra, 1, False, False, Am ##on ##- ##R ##a, 5, 
Student-Body, 1, False, False, Student ##- ##B ##ody, 4, 
Right, 1, False, False, Right, 1, 
Heisman, 1, False, False, He ##ism ##an, 3, 
Trophy-winning, 1, False, False, Trophy ##- ##win ##ning, 4, 
Jayden, 1, False, False, Jay ##den, 2, 
Deon, 1, False, True, De ##on, 2, 
McIntosh, 1, False, False, M ##c ##I ##nto ##sh, 5, 
Notre, 1, False, False, Notre, 1, 
Dame, 1, False, False, Dame, 1, 
Borghi, 1, False, False, Bo ##rg ##hi, 3, 
Renard, 1, False, False, Ren ##ard, 2, 
Bell, 1, False, True, Bell, 1, 
Cruz, 1, False, True, Cruz, 1, 
Olaijah, 1, False, False, O ##lai ##jah, 3, 
Griffin, 1, False, False, Griffin, 1, 
Talanoa, 1, False, False, Ta ##lan ##oa, 3, 
Hufanga, 1, False, False, Hu ##fan ##ga, 3, 
Vaughns, 1, False, False, Vaughn ##s, 2, 
Travell, 1, False, False, Travel ##l, 2, 
Mazza, 1, False, False, Ma ##zza, 2, 
SINGAPORE, 1, True, True, S ##ING ##AP ##OR ##E, 5, 
crude, 1, False, False, crude, 1, 
Intermediate, 1, False, False, Intermediate, 1, 
Commons, 1, False, True, Commons, 1, 
Estelle, 1, False, False, E ##ste ##lle, 3, 
Shirbon, 1, False, False, Shi ##rb ##on, 3, 
Goodman, 1, False, False, Goodman, 1, 
Lancaster, 1, False, False, Lancaster, 1, 
R., 1, True, True, R ##., 2, 
Rex, 1, False, False, Rex, 1, 
Perris, 1, False, False, Per ##ris, 2, 
Register, 1, False, False, Register, 1, 
CNN, 1, True, True, CNN, 1, 
Coober, 1, False, False, Co ##obe ##r, 3, 
Pedy, 1, False, False, P ##ed ##y, 3, 
Hiroshi, 1, False, False, Hi ##ros ##hi, 3, 
Tanegashima, 1, False, False, Tan ##eg ##ashi ##ma, 4, 
space, 1, False, False, space, 1, 
centre, 1, False, False, centre, 1, 
Ryugu, 1, False, False, R ##yu ##gu, 3, 
NHK, 1, True, False, NH ##K, 2, 
Lisa, 1, False, True, Lisa, 1, 
Harvey-Smith, 1, False, False, Harvey ##- ##S ##mith, 4, 
Megan, 1, False, False, Megan, 1, 
Clark, 1, False, False, Clark, 1, 
Space, 1, False, False, Space, 1, 
Woomera, 1, False, False, W ##oom ##era, 3, 
Adelaide, 1, False, True, Adelaide, 1, 
presidential, 1, False, False, presidential, 1, 
election, 1, False, False, election, 1, 
@RudyGiuliani, 1, False, False, @ ##R ##ud ##y ##G ##iu ##lian ##i, 8, 
NYC, 1, True, True, NYC, 1, 
Arizona, 1, False, True, Arizona, 1, 
Economic, 1, False, True, Economic, 1, 
Forum, 1, False, False, Forum, 1, 
WEF, 1, True, False, W ##EF, 2, 
Davos, 1, False, False, Da ##vos, 2, 
Switzerland, 1, False, True, Switzerland, 1, 
Denis, 1, False, True, Denis, 1, 
Balibouse, 1, False, False, Bali ##bo ##use, 3, 
Emirates-Israel, 1, False, False, Emirates ##- ##I ##s ##rae ##l, 6, 
Netherlands, 1, False, True, Netherlands, 1, 
DoverTower, 1, False, False, Dover ##T ##ow ##er, 4, 
Haifa, 1, False, True, Haifa, 1, 
Port, 1, False, True, Port, 1, 
Sudan, 1, False, True, Sudan, 1, 
Elaine, 1, False, False, Elaine, 1, 
Bucklo, 1, False, False, Buck ##lo, 2, 
Indiana, 1, False, True, Indiana, 1, 
VALDOSTA, 1, True, False, VA ##LD ##OS ##TA, 4, 
Ossoff, 1, False, False, O ##sso ##ff, 3, 
Raphael, 1, False, True, Raphael, 1, 
Warnock, 1, False, False, War ##nock, 2, 
Democrats, 1, False, True, Democrats, 1, 
Representatives, 1, False, True, Representatives, 1, 
REPUBLICANS, 1, True, False, R ##EP ##U ##BL ##IC ##AN ##S, 7, 
Harrison, 1, False, True, Harrison, 1, 
@BrianKempGA, 1, False, False, @ ##B ##rian ##K ##em ##p ##GA, 7, 
Republican-controlled, 1, False, True, Republican ##- ##con ##tro ##lled, 5, 
Hasen, 1, False, False, Has ##en, 2, 
UC, 1, True, False, UC, 1, 
Irvine, 1, False, True, Irvine, 1, 
Law, 1, False, True, Law, 1, 
Matt, 1, False, True, Matt, 1, 
Towery, 1, False, False, Tower ##y, 2, 
L., 1, True, True, L ##., 2, 
Lin, 1, False, False, Lin, 1, 
Sidney, 1, False, False, Sidney, 1, 
Powell, 1, False, False, Powell, 1, 
Georgians, 1, False, False, Georgian ##s, 2, 
HOUSTON, 1, True, True, H ##O ##US ##TO ##N, 5, 
Midstream, 1, False, False, Mid ##stream, 2, 
CST, 1, True, False, CS ##T, 2, 
Bruce, 1, False, True, Bruce, 1, 
Valero, 1, False, True, Vale ##ro, 2, 
Citgo, 1, False, False, C ##it ##go, 3, 
OTTAWA, 1, True, True, O ##TT ##A ##WA, 4, 
Trudeau, 1, False, False, T ##rud ##eau, 3, 
Ljunggren, 1, False, False, L ##jun ##gg ##ren, 4, 
Emmanuel, 1, False, True, Emmanuel, 1, 
Canada-style, 1, False, False, Canada ##- ##style, 3, 
TV, 1, True, True, TV, 1, 
BARAN, 1, True, False, BA ##RA ##N, 3, 
Hindu, 1, False, True, Hindu, 1, 
Rajendra, 1, False, False, Raj ##endra, 2, 
Meena, 1, False, False, Me ##ena, 2, 
Defence, 1, False, True, Defence, 1, 
Laboratory, 1, False, False, Laboratory, 1, 
Porton, 1, False, False, Porto ##n, 2, 
Salisbury, 1, False, True, Salisbury, 1, 
Ben, 1, False, True, Ben, 1, 
Stansall, 1, False, False, Stan ##sal ##l, 3, 
Anne, 1, False, True, Anne, 1, 
Fort, 1, False, True, Fort, 1, 
Worth, 1, False, False, Worth, 1, 
Schollmaier, 1, False, False, Sc ##hol ##lma ##ier, 4, 
Wichita, 1, False, False, Wichita, 1, 
Alondes, 1, False, False, Al ##ond ##es, 3, 
Brady, 1, False, True, Brady, 1, 
RJ, 1, True, False, R ##J, 2, 
Nembhard, 1, False, False, N ##em ##bha ##rd, 4, 
PJ, 1, True, False, P ##J, 2, 
Fuller, 1, False, False, Fuller, 1, 
Texas-San, 1, False, False, Texas ##- ##S ##an, 4, 
De’Vion, 1, False, False, De ##’ ##V ##ion, 4, 
Harmon, 1, False, True, Ha ##rmon, 2, 
Dave, 1, False, True, Dave, 1, 
Sherwood, 1, False, False, Sherwood, 1, 
Blowin, 1, False, False, B ##low ##in, 3, 
Wind, 1, False, False, Wind, 1, 
Like, 1, False, False, Like, 1, 
a, 1, False, False, a, 1, 
Rolling, 1, False, False, Rolling, 1, 
Sony, 1, False, False, Sony, 1, 
ATV, 1, True, False, AT ##V, 2, 
Publishing, 1, False, False, Publishing, 1, 
Variety, 1, False, True, Variety, 1, 
Prize, 1, False, True, Prize, 1, 
Literature, 1, False, False, Literature, 1, 
PBC, 1, True, False, P ##BC, 2, 
Muneeb, 1, False, False, Mu ##nee ##b, 3, 
Securities, 1, False, True, Securities, 1, 
Exchange, 1, False, True, Exchange, 1, 
Blockchain, 1, False, False, Block ##cha ##in, 3, 
Web, 1, False, False, Web, 1, 
3.0, 1, False, False, 3 ##. ##0, 3, 
Regulation, 1, False, True, Regulation, 1, 
A+, 1, True, False, A ##+, 2, 
Henry, 1, False, True, Henry, 1, 
Nicholls, 1, False, False, Ni ##cho ##lls, 3, 
Kuenssberg, 1, False, False, Ku ##ens ##sberg, 3, 
Ropes, 1, False, False, R ##ope ##s, 3, 
Gray, 1, False, True, Gray, 1, 
Moeller-Sally, 1, False, False, Moe ##ller ##- ##S ##ally, 5, 
ATHENS, 1, True, True, AT ##H ##EN ##S, 4, 
Stelios, 1, False, False, St ##eli ##os, 3, 
Greek, 1, False, True, Greek, 1, 
Kyriakos, 1, False, False, K ##yr ##ia ##kos, 4, 
EMA, 1, True, False, E ##MA, 2, 
Attrill, 1, False, False, At ##tri ##ll, 3, 
Leyden, 1, False, False, Le ##yd ##en, 3, 
Shinichiro, 1, False, False, Shin ##ichi ##ro, 3, 
Kadota, 1, False, False, Ka ##do ##ta, 3, 
Barclays, 1, False, False, Barclay ##s, 2, 
UK-listed, 1, False, False, UK ##- ##listed, 3, 
Livesey, 1, False, False, Lives ##ey, 2, 
Hill, 1, False, True, Hill, 1, 
Bowcock, 1, False, False, Bow ##cock, 2, 
Gonzalo, 1, False, False, Go ##nza ##lo, 3, 
Fuentes, 1, False, False, Fu ##ente ##s, 3, 
MSCI, 1, True, False, MS ##CI, 2, 
Asia-Pacific, 1, False, False, Asia ##- ##P ##ac ##ific, 5, 
Series, 1, False, True, Series, 1, 
Eliud, 1, False, True, Eli ##ud, 2, 
Kipchoge, 1, False, False, Ki ##p ##cho ##ge, 4, 
Brigid, 1, False, False, B ##rig ##id, 3, 
Kosgei, 1, False, True, Ko ##s ##ge ##i, 4, 
Marathon, 1, False, False, Marathon, 1, 
Vaporfly, 1, False, False, V ##ap ##orf ##ly, 4, 
Alphafly, 1, False, False, Alpha ##fly, 2, 
Chi-fung, 1, False, False, Chi ##- ##fu ##ng, 4, 
Kowloon, 1, False, False, Ko ##wl ##oon, 3, 
Magistrates, 1, False, False, Ma ##gis ##trate ##s, 4, 
', 1, False, True, ', 1, 
Courts, 1, False, False, Courts, 1, 
Yik, 1, False, False, Yi ##k, 2, 
WhatsApp, 1, False, False, What ##s ##A ##pp, 4, 
Morning, 1, False, False, Morning, 1, 
Post, 1, False, True, Post, 1, 
Copenhagen, 1, False, True, Copenhagen, 1, 
Danish, 1, False, True, Danish, 1, 
Bureau, 1, False, True, Bureau, 1, 
Legislative, 1, False, True, Legislative, 1, 
Circuit, 1, False, True, Circuit, 1, 
Giuseppe, 1, False, True, Giuseppe, 1, 
Cacace, 1, False, False, C ##aca ##ce, 3, 
Esteban, 1, False, False, E ##ste ##ban, 3, 
Ocon, 1, False, False, O ##con, 2, 
Renault, 1, False, False, Renault, 1, 
Lance, 1, False, True, Lance, 1, 
Stroll, 1, False, False, St ##roll, 2, 
Sergio, 1, False, True, Sergio, 1, 
Verstappen, 1, False, True, V ##ers ##ta ##ppe ##n, 5, 
McLaren, 1, False, True, McLaren, 1, 
Lando, 1, False, False, Land ##o, 2, 
Norris, 1, False, True, Norris, 1, 
Pierre, 1, False, True, Pierre, 1, 
Gasly, 1, False, False, Gas ##ly, 2, 
Finn, 1, False, True, Finn, 1, 
Mercedes-powered, 1, False, False, Mercedes ##- ##powered, 3, 
Yves, 1, False, False, Yves, 1, 
Herman, 1, False, True, Herman, 1, 
RTE, 1, True, False, R ##TE, 2, 
Joint, 1, False, False, Joint, 1, 
Wilmington, 1, False, False, Wilmington, 1, 
Leah, 1, False, True, Leah, 1, 
Millis, 1, False, False, Mill ##is, 2, 
Human, 1, False, True, Human, 1, 
HEALTH, 1, True, False, H ##EA ##LT ##H, 4, 
HUMAN, 1, True, False, H ##UM ##AN, 3, 
SERVICES, 1, True, False, SE ##R ##VI ##CE ##S, 5, 
XAVIER, 1, True, False, X ##AV ##IE ##R, 4, 
BECERRA, 1, True, False, B ##EC ##ER ##RA, 4, 
CENTERS, 1, True, False, CE ##NT ##ER ##S, 4, 
FOR, 1, True, False, F ##OR, 2, 
DISEASE, 1, True, False, D ##IS ##EA ##SE, 4, 
CONTROL, 1, True, False, CO ##NT ##RO ##L, 4, 
PREVENTION, 1, True, False, PR ##E ##VE ##NT ##ION, 5, 
ROCHELLE, 1, True, False, R ##OC ##H ##EL ##LE, 5, 
WALENSKY, 1, True, False, WA ##LE ##NS ##K ##Y, 5, 
Harvard, 1, False, False, Harvard, 1, 
JEFF, 1, True, False, J ##EF ##F, 3, 
ZIENTS, 1, True, False, Z ##IE ##NT ##S, 4, 
VIVEK, 1, True, False, VI ##VE ##K, 3, 
MURTHY, 1, True, False, M ##UR ##TH ##Y, 4, 
Murthy, 1, False, False, Mu ##rth ##y, 3, 
TREASURY, 1, True, False, T ##RE ##AS ##UR ##Y, 5, 
JANET, 1, True, False, J ##AN ##ET, 3, 
YELLEN, 1, True, False, Y ##EL ##LE ##N, 4, 
Fed, 1, False, True, Fed, 1, 
Brookings, 1, False, False, Brook ##ings, 2, 
Institution, 1, False, False, Institution, 1, 
OFFICE, 1, True, False, OF ##FI ##CE, 3, 
MANAGEMENT, 1, True, False, MA ##NA ##GE ##ME ##NT, 5, 
BUDGET, 1, True, False, B ##U ##D ##GE ##T, 5, 
NEERA, 1, True, False, NE ##ER ##A, 3, 
TANDEN, 1, True, False, T ##AN ##DE ##N, 4, 
Tanden, 1, False, False, Tan ##den, 2, 
ADVISERS, 1, True, False, AD ##VI ##SE ##RS, 4, 
CECILIA, 1, True, False, CE ##CI ##L ##IA, 4, 
ROUSE, 1, True, False, R ##O ##US ##E, 4, 
Rouse, 1, False, False, R ##ouse, 2, 
Princeton, 1, False, True, Princeton, 1, 
Public, 1, False, True, Public, 1, 
NATIONAL, 1, True, True, N ##AT ##ION ##AL, 4, 
BRIAN, 1, True, False, BR ##IA ##N, 3, 
DEESE, 1, True, False, DE ##ES ##E, 3, 
ANTONY, 1, True, False, AN ##TO ##N ##Y, 4, 
BLINKEN, 1, True, False, B ##L ##IN ##KE ##N, 5, 
JAKE, 1, True, False, J ##A ##KE, 3, 
SULLIVAN, 1, True, False, S ##U ##LL ##I ##VA ##N, 6, 
Sullivan, 1, False, True, Sullivan, 1, 
Hillary, 1, False, True, Hillary, 1, 
HOMELAND, 1, True, False, H ##OM ##EL ##AN ##D, 5, 
SECURITY, 1, True, False, SEC ##UR ##IT ##Y, 4, 
ALEJANDRO, 1, True, False, AL ##E ##J ##AN ##DR ##O, 6, 
MAYORKAS, 1, True, False, MA ##Y ##OR ##KA ##S, 5, 
Cuba-born, 1, False, False, Cuba ##- ##born, 3, 
Citizenship, 1, False, False, Citizens ##hip, 2, 
Immigration, 1, False, True, Immigration, 1, 
Deferred, 1, False, False, De ##ferred, 2, 
Childhood, 1, False, False, Child ##hood, 2, 
Arrivals, 1, False, False, A ##rri ##val ##s, 4, 
Dreamers, 1, False, False, Dream ##ers, 2, 
DACA, 1, True, False, D ##AC ##A, 3, 
AVRIL, 1, True, False, A ##VR ##IL, 3, 
HAINES, 1, True, False, H ##A ##IN ##ES, 4, 
Columbia, 1, False, True, Columbia, 1, 
UNITED, 1, True, True, UN ##IT ##ED, 3, 
NATIONS, 1, True, True, N ##AT ##ION ##S, 4, 
LINDA, 1, True, False, L ##IN ##DA, 3, 
THOMAS-GREENFIELD, 1, True, False, T ##H ##OM ##AS ##- ##GR ##EE ##NF ##IE ##LD, 10, 
Thomas-Greenfield, 1, False, False, Thomas ##- ##G ##reen ##field, 5, 
Sahara, 1, False, True, Sahara, 1, 
JOHN, 1, True, False, J ##OH ##N, 3, 
KERRY, 1, True, False, K ##ER ##R ##Y, 4, 
Blinken, 1, False, False, B ##link ##en, 3, 
Jeh, 1, False, False, Je ##h, 2, 
Tammy, 1, False, False, Tammy, 1, 
Illinois, 1, False, True, Illinois, 1, 
Thai-American, 1, False, False, Thai ##- ##A ##mer ##ica ##n, 6, 
Sally, 1, False, True, Sally, 1, 
Muslim-majority, 1, False, False, Muslim ##- ##ma ##jo ##rity, 5, 
Doug, 1, False, True, Doug, 1, 
Alabama, 1, False, False, Alabama, 1, 
Tommy, 1, False, True, Tommy, 1, 
Tuberville, 1, False, False, Tu ##ber ##ville, 3, 
Civil, 1, False, True, Civil, 1, 
Rights, 1, False, True, Rights, 1, 
Division, 1, False, True, Division, 1, 
Arun, 1, False, False, A ##run, 2, 
Majumdar, 1, False, False, Maj ##um ##dar, 3, 
Alphabet, 1, False, False, Alpha ##bet, 2, 
Google, 1, False, False, Google, 1, 
Stanford, 1, False, False, Stanford, 1, 
Jay, 1, False, True, Jay, 1, 
Ernest, 1, False, True, Ernest, 1, 
ENVIRONMENTAL, 1, True, False, E ##N ##VI ##RO ##N ##ME ##NT ##AL, 8, 
PROTECTION, 1, True, False, PR ##OT ##EC ##TI ##ON, 5, 
Heather, 1, False, False, Heather, 1, 
McTeer, 1, False, False, M ##c ##T ##eer, 4, 
Moms, 1, False, False, Mom ##s, 2, 
Clean, 1, False, True, Clean, 1, 
Kenya, 1, False, True, Kenya, 1, 
Nigeria, 1, False, True, Nigeria, 1, 
Senegal, 1, False, True, Senegal, 1, 
Mary, 1, False, True, Mary, 1, 
Nichols, 1, False, False, Nichols, 1, 
Board, 1, False, True, Board, 1, 
Collin, 1, False, True, Collin, 1, 
Wildlife, 1, False, False, Wildlife, 1, 
Federation, 1, False, True, Federation, 1, 
NWF, 1, True, False, NW ##F, 2, 
Environmental, 1, False, False, Environmental, 1, 
CENTRAL, 1, True, True, CE ##NT ##RA ##L, 4, 
INTELLIGENCE, 1, True, False, IN ##TE ##LL ##IG ##EN ##CE, 6, 
Beacon, 1, False, False, Beacon, 1, 
Strategies, 1, False, False, St ##rate ##gies, 3, 
RON, 1, True, False, R ##ON, 2, 
KLAIN, 1, True, False, K ##LA ##IN, 3, 
Klain, 1, False, False, K ##lain, 2, 
DOL, 1, True, False, D ##OL, 2, 
Contract, 1, False, False, Con ##tract, 2, 
Compliance, 1, False, False, Co ##mp ##liance, 3, 
Programs, 1, False, False, Programs, 1, 
Adnan, 1, False, True, Ad ##nan, 2, 
Abidi, 1, False, False, A ##bid ##i, 3, 
R.K., 1, True, False, R ##. ##K ##., 4, 
Singh, 1, False, True, Singh, 1, 
Nirmala, 1, False, False, Ni ##rmal ##a, 3, 
Sitharaman, 1, False, False, Sit ##hara ##man, 3, 
Punjab, 1, False, True, Punjab, 1, 
Andhra, 1, False, True, Andhra, 1, 
Pradesh, 1, False, True, Pradesh, 1, 
Odisha, 1, False, False, Odisha, 1, 
Yoshihide, 1, False, False, Yo ##shi ##hi ##de, 4, 
Suga, 1, False, False, Su ##ga, 2, 
Shin-Etsu, 1, False, False, Shin ##- ##E ##tsu, 4, 
Chemical, 1, False, True, Chemical, 1, 
Co, 1, False, True, Co, 1, 
Hoya, 1, False, False, Ho ##ya, 2, 
Rakuten, 1, False, False, Ra ##ku ##ten, 3, 
Olympus, 1, False, False, O ##ly ##mpus, 3, 
Sumco, 1, False, False, Su ##m ##co, 3, 
Advantest, 1, False, False, Ad ##vant ##est, 3, 
Electron, 1, False, False, El ##ec ##tron, 3, 
Dentsu, 1, False, False, Den ##tsu, 2, 
Eimi, 1, False, False, E ##im ##i, 3, 
Yamamitsu, 1, False, False, Ya ##ma ##mit ##su, 4, 
Self, 1, False, False, Self, 1, 
Forces, 1, False, True, Forces, 1, 
Haruo, 1, False, False, Ha ##ru ##o, 3, 
Ozaki, 1, False, False, Oz ##aki, 2, 
Yasutaka, 1, False, False, Ya ##su ##ta ##ka, 4, 
Kakinoki, 1, False, False, Ka ##kin ##oki, 3, 
hospital, 1, False, True, hospital, 1, 
Kosei, 1, False, False, Ko ##sei, 2, 
Yoshida, 1, False, False, Yo ##shi ##da, 3, 
Masahito, 1, False, False, Ma ##sa ##hit ##o, 4, 
Nishikawa, 1, False, False, Ni ##shi ##kawa, 3, 
Kenji, 1, False, False, Ken ##ji, 2, 
Population, 1, False, False, Population, 1, 
King, 1, False, True, King, 1, 
Takanori, 1, False, False, Ta ##kan ##ori, 3, 
Teshima, 1, False, False, Te ##shima, 2, 
BAGHDAD, 1, True, True, BA ##G ##HD ##AD, 4, 
Kurdish-run, 1, False, False, Kurdish ##- ##run, 3, 
Chamchamal, 1, False, False, Cha ##m ##cha ##mal, 4, 
PUK, 1, True, True, P ##U ##K, 3, 
KDP-dominated, 1, False, False, K ##DP ##- ##dom ##inated, 5, 
Erbil, 1, False, False, E ##rb ##il, 3, 
Vertigo, 1, False, False, V ##ert ##igo, 3, 
Nathan, 1, False, False, Nathan, 1, 
leaf, 1, False, False, leaf, 1, 
Orf, 1, False, False, Or ##f, 2, 
Erick, 1, False, False, Eric ##k, 2, 
Xeppaa, 1, False, False, X ##ep ##pa ##a, 4, 
Bach, 1, False, True, Bach, 1, 
Guatemala, 1, False, False, Guatemala, 1, 
Mario, 1, False, True, Mario, 1, 
malbsMd, 1, False, False, ma ##l ##bs ##M ##d, 5, 
Samayoa, 1, False, False, Sam ##ay ##oa, 3, 
Counter-Strike, 1, False, False, Counter ##- ##S ##tri ##ke, 5, 
Offensive, 1, False, False, Offensive, 1, 
Yeah, 1, False, False, Yeah, 1, 
Rebirth, 1, False, False, Re ##birth, 2, 
Triumph, 1, False, False, Triumph, 1, 
Mythic, 1, False, False, My ##thi ##c, 3, 
Rugratz, 1, False, False, R ##ug ##rat ##z, 4, 
Whalers, 1, False, False, W ##hale ##rs, 3, 
Enrique, 1, False, True, Enrique, 1, 
Qatar, 1, False, False, Qatar, 1, 
Metropolitan, 1, False, True, Metropolitan, 1, 
Region, 1, False, True, Region, 1, 
Cachagua, 1, False, False, C ##ach ##agu ##a, 4, 
Jaime, 1, False, True, Jaime, 1, 
Bellolio, 1, False, False, Bell ##olio, 2, 
Roberto, 1, False, True, Roberto, 1, 
Speranza, 1, False, False, S ##per ##anza, 3, 
Nardi, 1, False, False, Na ##rdi, 2, 
PORTUGAL, 1, True, False, P ##OR ##TU ##GA ##L, 5, 
GERMANY, 1, True, False, GE ##R ##MA ##N ##Y, 5, 
CZECH, 1, True, True, C ##Z ##EC ##H, 4, 
REPUBLIC, 1, True, True, R ##EP ##U ##BL ##IC, 5, 
Czech, 1, False, True, Czech, 1, 
SPAIN, 1, True, False, SP ##A ##IN, 3, 
Catalonia, 1, False, False, Catalonia, 1, 
ITALY, 1, True, False, IT ##AL ##Y, 3, 
Italians, 1, False, True, Italians, 1, 
NORWAY, 1, True, True, NO ##R ##WA ##Y, 4, 
Norwegians, 1, False, False, Norwegian ##s, 2, 
AUSTRIA, 1, True, True, AU ##ST ##RI ##A, 4, 
FRANCE, 1, True, True, F ##RA ##NC ##E, 4, 
BELGIUM, 1, True, False, B ##EL ##GI ##UM, 4, 
Belgian, 1, False, True, Belgian, 1, 
IRELAND, 1, True, False, I ##RE ##LA ##ND, 4, 
BRITAIN, 1, True, True, BR ##IT ##A ##IN, 4, 
POLAND, 1, True, True, P ##OL ##AN ##D, 4, 
Darren, 1, False, True, Darren, 1, 
Ornitz, 1, False, False, Or ##nitz, 2, 
TEGUCIGALPA, 1, True, True, T ##EG ##UC ##IG ##AL ##PA, 6, 
Homeland, 1, False, True, Homeland, 1, 
Lisandro, 1, False, False, Lisa ##nd ##ro, 3, 
Rosales, 1, False, False, Rosa ##les, 2, 
Hurricane, 1, False, True, Hurricane, 1, 
JAKARTA, 1, True, True, J ##A ##KA ##RT ##A, 5, 
Batubara, 1, False, False, Bat ##uba ##ra, 3, 
Corruption, 1, False, True, Co ##rr ##up ##tion, 4, 
Eradication, 1, False, False, Era ##dication, 2, 
Bahuri, 1, False, False, Ba ##hur ##i, 3, 
Fikri, 1, False, False, Fi ##k ##ri, 3, 
Maritime, 1, False, False, Maritime, 1, 
Fisheries, 1, False, True, Fisheries, 1, 
Edhy, 1, False, False, Ed ##hy, 2, 
Prabowo, 1, False, False, P ##rab ##ow ##o, 4, 
Tabita, 1, False, False, Ta ##bit ##a, 3, 
Diela, 1, False, False, Die ##la, 2, 
Fransiska, 1, False, False, Fr ##ans ##isk ##a, 4, 
Nangoy, 1, False, False, Nan ##go ##y, 3, 
Cyril, 1, False, False, Cyril, 1, 
Ramaphosa, 1, False, False, Rama ##ph ##osa, 3, 
Zweli, 1, False, False, Z ##we ##li, 3, 
Mkhize, 1, False, False, Mk ##hi ##ze, 3, 
CJ, 1, True, False, C ##J, 2, 
Conway, 1, False, False, Conway, 1, 
S.C, 1, True, False, S ##. ##C, 3, 
Grayson, 1, False, False, Grayson, 1, 
McCall, 1, False, False, M ##c ##C ##all, 4, 
Zach, 1, False, False, Zach, 1, 
Dax, 1, False, False, Da ##x, 2, 
Troy, 1, False, True, Troy, 1, 
Sun, 1, False, True, Sun, 1, 
Belt, 1, False, False, Belt, 1, 
Louisiana, 1, False, False, Louisiana, 1, 
Diego, 1, False, True, Diego, 1, 
Allgeier, 1, False, False, All ##ge ##ier, 3, 
Jake, 1, False, False, Jake, 1, 
Oldroyd, 1, False, False, Old ##roy ##d, 3, 
Massimo, 1, False, False, Mass ##imo, 2, 
Biscardi, 1, False, False, B ##is ##card ##i, 4, 
Gas, 1, False, True, Gas, 1, 
NSE, 1, True, False, N ##SE, 2, 
Nifty, 1, False, False, Ni ##fty, 2, 
50, 1, False, False, 50, 1, 
BSE, 1, True, True, BS ##E, 2, 
Sensex, 1, False, False, Sense ##x, 2, 
ONGC, 1, True, False, ON ##GC, 2, 
Colombia, 1, False, True, Colombia, 1, 
MacDill, 1, False, False, Mac ##D ##ill, 3, 
Tampa, 1, False, False, Tampa, 1, 
Florida, 1, False, True, Florida, 1, 
Larry, 1, False, True, Larry, 1, 
Politico, 1, False, False, Pol ##itic ##o, 3, 
Mattis, 1, False, False, Matt ##is, 2, 
Marine, 1, False, True, Marine, 1, 
Technologies, 1, False, True, Technologies, 1, 
Rochelle, 1, False, False, Roche ##lle, 2, 
Allergy, 1, False, False, All ##er ##gy, 3, 
Jeff, 1, False, True, Jeff, 1, 
Congressional, 1, False, False, Congressional, 1, 
Hispanic, 1, False, False, Hispanic, 1, 
Caucus, 1, False, False, Caucus, 1, 
Latinos, 1, False, False, Latino ##s, 2, 
Armed, 1, False, True, Armed, 1, 
Adam, 1, False, True, Adam, 1, 
Michelle, 1, False, True, Michelle, 1, 
Demand, 1, False, False, De ##mand, 2, 
Afghanistan, 1, False, True, Afghanistan, 1, 
Detroit, 1, False, True, Detroit, 1, 
Brad, 1, False, True, Brad, 1, 
Renown, 1, False, False, Reno ##wn, 2, 
Regional, 1, False, False, Regional, 1, 
Bean, 1, False, False, Bean, 1, 
Depression, 1, False, False, Depression, 1, 
Montana, 1, False, True, Montana, 1, 
Atlantic, 1, False, True, Atlantic, 1, 
Cleveland, 1, False, True, Cleveland, 1, 
Tennessee, 1, False, False, Tennessee, 1, 
Francois, 1, False, False, Franco ##is, 2, 
Lenoir, 1, False, False, Len ##oir, 2, 
Athens, 1, False, True, Athens, 1, 
Oruc, 1, False, False, Or ##uc, 2, 
Reis, 1, False, False, Re ##is, 2, 
Cypriot, 1, False, True, Cypriot, 1, 
Environment, 1, False, True, Environment, 1, 
Rural, 1, False, False, Rural, 1, 
Hannah, 1, False, False, Hannah, 1, 
McKay, 1, False, False, McKay, 1, 
